TailNum,sn,Model,Config,OperatedBy
N801UA,686,Airbus A319-131,C8W40Y72,United Airlines
N802UA,690,Airbus A319-131,C8W40Y72,United Airlines
N803UA,748,Airbus A319-131,C8W40Y72,United Airlines
N804UA,759,Airbus A319-131,C8W40Y72,United Airlines
N805UA,783,Airbus A319-131,C8W40Y72,United Airlines
N806UA,788,Airbus A319-131,C8W40Y72,United Airlines
N807UA,798,Airbus A319-131,C8W40Y72,United Airlines
N808UA,804,Airbus A319-131,C8W40Y72,United Airlines
N809UA,825,Airbus A319-131,C8W40Y72,United Airlines
N810UA,843,Airbus A319-131,C8W40Y72,United Airlines
N811UA,847,Airbus A319-131,C8W40Y72,United Airlines
N812UA,850,Airbus A319-131,C8W40Y72,United Airlines
N813UA,858,Airbus A319-131,C8W40Y72,United Airlines
N814UA,862,Airbus A319-131,C8W40Y72,United Airlines
N815UA,867,Airbus A319-131,C8W40Y72,United Airlines
N816UA,871,Airbus A319-131,C8W40Y72,United Airlines
N817UA,873,Airbus A319-131,C8W40Y72,United Airlines
N818UA,882,Airbus A319-131,C8W40Y72,United Airlines
N819UA,893,Airbus A319-131,C8W40Y72,United Airlines
N820UA,898,Airbus A319-131,C8W40Y72,United Airlines
N821UA,944,Airbus A319-131,C8W40Y72,United Airlines
N822UA,948,Airbus A319-131,C8W40Y72,United Airlines
N823UA,952,Airbus A319-131,C8W40Y72,United Airlines
N824UA,965,Airbus A319-131,C8W40Y72,United Airlines
N825UA,980,Airbus A319-131,C8W40Y72,United Airlines
N826UA,989,Airbus A319-131,C8W40Y72,United Airlines
N827UA,1022,Airbus A319-131,C8W40Y72,United Airlines
N828UA,1031,Airbus A319-131,C8W40Y72,United Airlines
N829UA,1211,Airbus A319-131,C8W40Y72,United Airlines
N830UA,1243,Airbus A319-131,C8W40Y72,United Airlines
N831UA,1291,Airbus A319-131,C8W40Y72,United Airlines
N832UA,1321,Airbus A319-131,C8W40Y72,United Airlines
N833UA,1401,Airbus A319-131,C8W40Y72,United Airlines
N834UA,1420,Airbus A319-131,C8W40Y72,United Airlines
N835UA,1426,Airbus A319-131,C8W40Y72,United Airlines
N836UA,1460,Airbus A319-131,C8W40Y72,United Airlines
N837UA,1474,Airbus A319-131,C8W40Y72,United Airlines
N838UA,1477,Airbus A319-131,C8W40Y72,United Airlines
N839UA,1507,Airbus A319-131,C8W40Y72,United Airlines
N840UA,1522,Airbus A319-131,C8W40Y72,United Airlines
N841UA,1545,Airbus A319-131,C8W40Y72,United Airlines
N842UA,1569,Airbus A319-131,C8W40Y72,United Airlines
N843UA,1573,Airbus A319-131,C8W40Y72,United Airlines
N844UA,1581,Airbus A319-131,C8W40Y72,United Airlines
N845UA,1585,Airbus A319-131,C8W40Y72,United Airlines
N846UA,1600,Airbus A319-131,C8W40Y72,United Airlines
N847UA,1627,Airbus A319-131,C8W40Y72,United Airlines
N848UA,1647,Airbus A319-131,C8W40Y72,United Airlines
N849UA,1649,Airbus A319-131,C8W40Y72,United Airlines
N850UA,1653,Airbus A319-131,C8W40Y72,United Airlines
N851UA,1664,Airbus A319-131,C8W40Y72,United Airlines
N852UA,1671,Airbus A319-131,C8W40Y72,United Airlines
N853UA,1688,Airbus A319-131,C8W40Y72,United Airlines
N854UA,1731,Airbus A319-131,C8W40Y72,United Airlines
N855UA,1737,Airbus A319-131,C8W40Y72,United Airlines
N401UA,435,Airbus A320-232,C12W42Y96,United Airlines
N402UA,439,Airbus A320-232,C12W42Y96,United Airlines
N403UA,442,Airbus A320-232,C12W42Y96,United Airlines
N404UA,450,Airbus A320-232,C12W42Y96,United Airlines
N405UA,452,Airbus A320-232,C12W42Y96,United Airlines
N406UA,454,Airbus A320-232,C12W42Y96,United Airlines
N407UA,456,Airbus A320-232,C12W42Y96,United Airlines
N408UA,457,Airbus A320-232,C12W42Y96,United Airlines
N409UA,462,Airbus A320-232,C12W42Y96,United Airlines
N410UA,463,Airbus A320-232,C12W42Y96,United Airlines
N411UA,464,Airbus A320-232,C12W42Y96,United Airlines
N412UA,465,Airbus A320-232,C12W42Y96,United Airlines
N413UA,470,Airbus A320-232,C12W42Y96,United Airlines
N414UA,472,Airbus A320-232,C12W42Y96,United Airlines
N415UA,475,Airbus A320-232,C12W42Y96,United Airlines
N416UA,479,Airbus A320-232,C12W42Y96,United Airlines
N417UA,483,Airbus A320-232,C12W42Y96,United Airlines
N418UA,485,Airbus A320-232,C12W42Y96,United Airlines
N419UA,487,Airbus A320-232,C12W42Y96,United Airlines
N420UA,489,Airbus A320-232,C12W42Y96,United Airlines
N421UA,500,Airbus A320-232,C12W42Y96,United Airlines
N422UA,503,Airbus A320-232,C12W42Y96,United Airlines
N423UA,504,Airbus A320-232,C12W42Y96,United Airlines
N424UA,506,Airbus A320-232,C12W42Y96,United Airlines
N425UA,508,Airbus A320-232,C12W42Y96,United Airlines
N426UA,510,Airbus A320-232,C12W42Y96,United Airlines
N427UA,512,Airbus A320-232,C12W42Y96,United Airlines
N428UA,523,Airbus A320-232,C12W42Y96,United Airlines
N429UA,539,Airbus A320-232,C12W42Y96,United Airlines
N430UA,568,Airbus A320-232,C12W42Y96,United Airlines
N431UA,571,Airbus A320-232,C12W42Y96,United Airlines
N432UA,587,Airbus A320-232,C12W42Y96,United Airlines
N433UA,589,Airbus A320-232,C12W42Y96,United Airlines
N434UA,592,Airbus A320-232,C12W42Y96,United Airlines
N435UA,613,Airbus A320-232,C12W42Y96,United Airlines
N436UA,638,Airbus A320-232,C12W42Y96,United Airlines
N437UA,655,Airbus A320-232,C12W42Y96,United Airlines
N438UA,678,Airbus A320-232,C12W42Y96,United Airlines
N439UA,683,Airbus A320-232,C12W42Y96,United Airlines
N440UA,702,Airbus A320-232,C12W42Y96,United Airlines
N441UA,751,Airbus A320-232,C12W42Y96,United Airlines
N442UA,780,Airbus A320-232,C12W42Y96,United Airlines
N443UA,820,Airbus A320-232,C12W42Y96,United Airlines
N444UA,824,Airbus A320-232,C12W42Y96,United Airlines
N445UA,826,Airbus A320-232,C12W42Y96,United Airlines
N446UA,834,Airbus A320-232,C12W42Y96,United Airlines
N447UA,836,Airbus A320-232,C12W42Y96,United Airlines
N448UA,842,Airbus A320-232,C12W42Y96,United Airlines
N449UA,851,Airbus A320-232,C12W42Y96,United Airlines
N451UA,865,Airbus A320-232,C12W42Y96,United Airlines
N452UA,955,Airbus A320-232,C12W42Y96,United Airlines
N453UA,1001,Airbus A320-232,C12W42Y96,United Airlines
N454UA,1104,Airbus A320-232,C12W42Y96,United Airlines
N455UA,1105,Airbus A320-232,C12W42Y96,United Airlines
N456UA,1128,Airbus A320-232,C12W42Y96,United Airlines
N457UA,1146,Airbus A320-232,C12W42Y96,United Airlines
N458UA,1163,Airbus A320-232,C12W42Y96,United Airlines
N459UA,1192,Airbus A320-232,C12W42Y96,United Airlines
N460UA,1248,Airbus A320-232,C12W42Y96,United Airlines
N461UA,1266,Airbus A320-232,C12W42Y96,United Airlines
N462UA,1272,Airbus A320-232,C12W42Y96,United Airlines
N463UA,1282,Airbus A320-232,C12W42Y96,United Airlines
N464UA,1290,Airbus A320-232,C12W42Y96,United Airlines
N465UA,1341,Airbus A320-232,C12W42Y96,United Airlines
N466UA,1343,Airbus A320-232,C12W42Y96,United Airlines
N467UA,1359,Airbus A320-232,C12W42Y96,United Airlines
N468UA,1363,Airbus A320-232,C12W42Y96,United Airlines
N469UA,1409,Airbus A320-232,C12W42Y96,United Airlines
N470UA,1427,Airbus A320-232,C12W42Y96,United Airlines
N471UA,1432,Airbus A320-232,C12W42Y96,United Airlines
N472UA,1435,Airbus A320-232,C12W42Y96,United Airlines
N473UA,1469,Airbus A320-232,C12W42Y96,United Airlines
N474UA,1475,Airbus A320-232,C12W42Y96,United Airlines
N475UA,1495,Airbus A320-232,C12W42Y96,United Airlines
N476UA,1508,Airbus A320-232,C12W42Y96,United Airlines
N477UA,1514,Airbus A320-232,C12W42Y96,United Airlines
N478UA,1533,Airbus A320-232,C12W42Y96,United Airlines
N479UA,1538,Airbus A320-232,C12W42Y96,United Airlines
N480UA,1555,Airbus A320-232,C12W42Y96,United Airlines
N481UA,1559,Airbus A320-232,C12W42Y96,United Airlines
N482UA,1584,Airbus A320-232,C12W42Y96,United Airlines
N483UA,1586,Airbus A320-232,C12W42Y96,United Airlines
N484UA,1609,Airbus A320-232,C12W42Y96,United Airlines
N485UA,1617,Airbus A320-232,C12W42Y96,United Airlines
N486UA,1620,Airbus A320-232,C12W42Y96,United Airlines
N487UA,1669,Airbus A320-232,C12W42Y96,United Airlines
N488UA,1680,Airbus A320-232,C12W42Y96,United Airlines
N489UA,1702,Airbus A320-232,C12W42Y96,United Airlines
N490UA,1728,Airbus A320-232,C12W42Y96,United Airlines
N491UA,1741,Airbus A320-232,C12W42Y96,United Airlines
N492UA,1755,Airbus A320-232,C12W42Y96,United Airlines
N493UA,1821,Airbus A320-232,C12W42Y96,United Airlines
N494UA,1840,Airbus A320-232,C12W42Y96,United Airlines
N495UA,1842,Airbus A320-232,C12W42Y96,United Airlines
N496UA,1845,Airbus A320-232,C12W42Y96,United Airlines
N497UA,1847,Airbus A320-232,C12W42Y96,United Airlines
N498UA,1865,Airbus A320-232,C12W42Y96,United Airlines
N12754,30464 / 1241,Boeing 737-7V3(WL),C12W40Y66,United Airlines
N13716,28787 / 156,Boeing 737-724(WL),C12W40Y66,United Airlines
N13718,28937 / 185,Boeing 737-724(WL),C12W40Y66,United Airlines
N13720,28939 / 214,Boeing 737-724(WL),C12W40Y66,United Airlines
N13750,28941 / 286,Boeing 737-724(WL),C12W40Y66,United Airlines
N14704,28765 / 43,Boeing 737-724(WL),C12W40Y66,United Airlines
N14731,28799 / 346,Boeing 737-724(WL),C12W40Y66,United Airlines
N14735,28950 / 376,Boeing 737-724(WL),C12W40Y66,United Airlines
N15710,28780 / 94,Boeing 737-724(WL),C12W40Y66,United Airlines
N15712,28783 / 105,Boeing 737-724(WL),C12W40Y66,United Airlines
N15751,29047 / 235,Boeing 737-71Q(WL),C12W40Y66,United Airlines
N16701,28762 / 29,Boeing 737-724(WL),C12W40Y66,United Airlines
N16703,28764 / 37,Boeing 737-724(WL),C12W40Y66,United Airlines
N16709,28779 / 93,Boeing 737-724(WL),C12W40Y66,United Airlines
N16713,28784 / 107,Boeing 737-724(WL),C12W40Y66,United Airlines
N16732,28948 / 352,Boeing 737-724(WL),C12W40Y66,United Airlines
N17719,28938 / 195,Boeing 737-724(WL),C12W40Y66,United Airlines
N17730,28798 / 338,Boeing 737-724(WL),C12W40Y66,United Airlines
N17752,29048 / 288,Boeing 737-71Q(WL),C12W40Y66,United Airlines
N17753,30463 / 1221,Boeing 737-7V3(WL),C12W40Y66,United Airlines
N21723,28790 / 253,Boeing 737-724(WL),C12W40Y66,United Airlines
N23707,28768 / 48,Boeing 737-724(WL),C12W40Y66,United Airlines
N23708,28769 / 52,Boeing 737-724(WL),C12W40Y66,United Airlines
N23721,28940 / 219,Boeing 737-724(WL),C12W40Y66,United Airlines
N24702,28763 / 32,Boeing 737-724(WL),C12W40Y66,United Airlines
N24706,28767 / 47,Boeing 737-724(WL),C12W40Y66,United Airlines
N24715,28786 / 125,Boeing 737-724(WL),C12W40Y66,United Airlines
N24729,28945 / 325,Boeing 737-724(WL),C12W40Y66,United Airlines
N24736,28803 / 380,Boeing 737-724(WL),C12W40Y66,United Airlines
N25705,28766 / 46,Boeing 737-724(WL),C12W40Y66,United Airlines
N27722,28789 / 247,Boeing 737-724(WL),C12W40Y66,United Airlines
N27724,28791 / 283,Boeing 737-724(WL),C12W40Y66,United Airlines
N27733,28800 / 364,Boeing 737-724(WL),C12W40Y66,United Airlines
N27734,28949 / 371,Boeing 737-724(WL),C12W40Y66,United Airlines
N29717,28936 / 182,Boeing 737-724(WL),C12W40Y66,United Airlines
N33714,28785 / 119,Boeing 737-724(WL),C12W40Y66,United Airlines
N38727,28797 / 317,Boeing 737-724(WL),C12W40Y66,United Airlines
N39726,28796 / 315,Boeing 737-724(WL),C12W40Y66,United Airlines
N39728,28944 / 321,Boeing 737-724(WL),C12W40Y66,United Airlines
N54711,28782 / 97,Boeing 737-724(WL),C12W40Y66,United Airlines
N11206,30578 / 618,Boeing 737-824(WL),F16W48Y90,United Airlines
N12216,28776 / 79,Boeing 737-824(WL),F16W48Y90,United Airlines
N12218,28778 / 84,Boeing 737-824(WL),F16W48Y90,United Airlines
N12221,28930 / 153,Boeing 737-824(WL),F16W48Y90,United Airlines
N12225,28934 / 168,Boeing 737-824(WL),F16W48Y90,United Airlines
N12238,28804 / 386,Boeing 737-824(WL),F16W48Y90,United Airlines
N13227,28788 / 262,Boeing 737-824(WL),F14Y141,United Airlines
N13248,28808 / 435,Boeing 737-824(WL),F16W48Y90,United Airlines
N14214,28774 / 74,Boeing 737-824(WL),F16W48Y90,United Airlines
N14219,28781 / 88,Boeing 737-824(WL),F16W48Y90,United Airlines
N14228,28792 / 281,Boeing 737-824(WL),F16W48Y90,United Airlines
N14230,28794 / 296,Boeing 737-824(WL),F16W48Y90,United Airlines
N14231,28795 / 300,Boeing 737-824(WL),F16W48Y90,United Airlines
N14235,28947 / 342,Boeing 737-824(WL),F14Y141,United Airlines
N14237,28802 / 374,Boeing 737-824(WL),F16W48Y90,United Airlines
N14240,28952 / 394,Boeing 737-824(WL),F14Y141,United Airlines
N14242,28805 / 402,Boeing 737-824(WL),F16W48Y90,United Airlines
N14249,28809 / 438,Boeing 737-824(WL),F14Y141,United Airlines
N14250,28957 / 441,Boeing 737-824(WL),F16W48Y90,United Airlines
N16217,28777 / 81,Boeing 737-824(WL),F16W48Y90,United Airlines
N16234,28946 / 334,Boeing 737-824(WL),F16W48Y90,United Airlines
N17229,28793 / 287,Boeing 737-824(WL),F16W48Y90,United Airlines
N17233,28943 / 328,Boeing 737-824(WL),F16W48Y90,United Airlines
N17244,28954 / 409,Boeing 737-824(WL),F16W48Y90,United Airlines
N17245,28955 / 411,Boeing 737-824(WL),F16W48Y90,United Airlines
N18220,28929 / 134,Boeing 737-824(WL),F16W48Y90,United Airlines
N18223,28932 / 162,Boeing 737-824(WL),F16W48Y90,United Airlines
N18243,28806 / 403,Boeing 737-824(WL),F16W48Y90,United Airlines
N24202,30429 / 581,Boeing 737-824(WL),F16W48Y90,United Airlines
N24211,28771 / 58,Boeing 737-824(WL),F16W48Y90,United Airlines
N24212,28772 / 63,Boeing 737-824(WL),F16W48Y90,United Airlines
N24224,28933 / 165,Boeing 737-824(WL),F16W48Y90,United Airlines
N25201,28958 / 443,Boeing 737-824(WL),F14Y141,United Airlines
N26208,30580 / 644,Boeing 737-824(WL),F16W48Y90,United Airlines
N26210,28770 / 56,Boeing 737-824(WL),F16W48Y90,United Airlines
N26215,28775 / 76,Boeing 737-824(WL),F16W48Y90,United Airlines
N26226,28935 / 171,Boeing 737-824(WL),F16W48Y90,United Airlines
N26232,28942 / 304,Boeing 737-824(WL),F14Y141,United Airlines
N27205,30577 / 615,Boeing 737-824(WL),F16W48Y90,United Airlines
N27213,28773 / 65,Boeing 737-824(WL),F16W48Y90,United Airlines
N27239,28951 / 391,Boeing 737-824(WL),F16W48Y90,United Airlines
N27246,28956 / 413,Boeing 737-824(WL),F14Y141,United Airlines
N33203,30613 / 591,Boeing 737-824(WL),F16W48Y90,United Airlines
N33209,30581 / 647,Boeing 737-824(WL),F16W48Y90,United Airlines
N33262,32402 / 901,Boeing 737-824(WL),F20Y132,United Airlines
N33264,31584 / 916,Boeing 737-824(WL),F20Y132,United Airlines
N33266,32403 / 930,Boeing 737-824(WL),F20Y132,United Airlines
N33284,31635 / 1475,Boeing 737-824(WL),F16W48Y90,United Airlines
N33286,31600 / 1506,Boeing 737-824(WL),F16W48Y90,United Airlines
N33289,31607 / 1542,Boeing 737-824(WL),F16W48Y90,United Airlines
N33292,33455 / 1622,Boeing 737-824(WL),F16W48Y90,United Airlines
N33294,34000 / 1762,Boeing 737-824(WL),F16W48Y90,United Airlines
N34222,28931 / 159,Boeing 737-824(WL),F16W48Y90,United Airlines
N34282,31634 / 1440,Boeing 737-824(WL),F16W48Y90,United Airlines
N35204,30576 / 606,Boeing 737-824(WL),F16W48Y90,United Airlines
N35236,28801 / 367,Boeing 737-824(WL),F14Y141,United Airlines
N35260,30855 / 862,Boeing 737-824(WL),F20Y132,United Airlines
N35271,31589 / 982,Boeing 737-824(WL),F20Y132,United Airlines
N36207,30579 / 627,Boeing 737-824(WL),F16W48Y90,United Airlines
N36247,28807 / 431,Boeing 737-824(WL),F16W48Y90,United Airlines
N36272,31590 / 987,Boeing 737-824(WL),F20Y132,United Airlines
N36280,31598 / 1423,Boeing 737-824(WL),F16W48Y90,United Airlines
N37252,30583 / 656,Boeing 737-824(WL),F16W48Y90,United Airlines
N37253,30584 / 660,Boeing 737-824(WL),F16W48Y90,United Airlines
N37255,30610 / 686,Boeing 737-824(WL),F16W48Y90,United Airlines
N37263,31583 / 906,Boeing 737-824(WL),F20Y132,United Airlines
N37267,31586 / 939,Boeing 737-824(WL),F20Y132,United Airlines
N37273,31591 / 1012,Boeing 737-824(WL),F20Y132,United Airlines
N37274,31592 / 1062,Boeing 737-824(WL),F20Y132,United Airlines
N37277,31595 / 1099,Boeing 737-824(WL),F20Y132,United Airlines
N37281,31599 / 1425,Boeing 737-824(WL),F16W48Y90,United Airlines
N37287,31636 / 1509,Boeing 737-824(WL),F16W48Y90,United Airlines
N37290,31601 / 1567,Boeing 737-824(WL),F14Y141,United Airlines
N37293,33453 / 1743,Boeing 737-824(WL),F16W48Y90,United Airlines
N37298,34004 / 1813,Boeing 737-824(WL),F16W48Y90,United Airlines
N38257,30612 / 706,Boeing 737-824(WL),F16W48Y90,United Airlines
N38268,31587 / 957,Boeing 737-824(WL),F20Y132,United Airlines
N39297,34003 / 1791,Boeing 737-824(WL),F16W48Y90,United Airlines
N54241,28953 / 395,Boeing 737-824(WL),F16W48Y90,United Airlines
N73251,30582 / 650,Boeing 737-824(WL),F16W48Y90,United Airlines
N73256,30611 / 692,Boeing 737-824(WL),F16W48Y90,United Airlines
N73259,30803 / 854,Boeing 737-824(WL),F16W48Y90,United Airlines
N73270,31632 / 970,Boeing 737-824(WL),F20Y132,United Airlines
N73275,31593 / 1077,Boeing 737-824(WL),F20Y132,United Airlines
N73276,31594 / 1079,Boeing 737-824(WL),F20Y132,United Airlines
N73278,31596 / 1390,Boeing 737-824(WL),F16W48Y90,United Airlines
N73283,31606 / 1456,Boeing 737-824(WL),F16W48Y90,United Airlines
N73291,33454 / 1611,Boeing 737-824(WL),F16W48Y90,United Airlines
N73299,34005 / 1821,Boeing 737-824(WL),F16W48Y90,United Airlines
N76254,30779 / 667,Boeing 737-824(WL),F16W48Y90,United Airlines
N76265,31585 / 928,Boeing 737-824(WL),F20Y132,United Airlines
N76269,31588 / 966,Boeing 737-824(WL),F20Y132,United Airlines
N76288,33451 / 1516,Boeing 737-824(WL),F16W48Y90,United Airlines
N76502,31603 / 2017,Boeing 737-824(WL),F16W48Y90,United Airlines
N76503,33461 / 2023,Boeing 737-824(WL),F16W48Y90,United Airlines
N76504,31604 / 2035,Boeing 737-824(WL),F16W48Y90,United Airlines
N76505,32834 / 2048,Boeing 737-824(WL),F16W48Y90,United Airlines
N76508,31639 / 2514,Boeing 737-824(WL),F16W48Y90,United Airlines
N76514,31626 / 2680,Boeing 737-824(WL),F16W48Y90,United Airlines
N76515,31623 / 2713,Boeing 737-824(WL),F16W48Y90,United Airlines
N76516,37096 / 2718,Boeing 737-824(WL),C16W48Y90,United Airlines
N76517,31628 / 2723,Boeing 737-824(WL),F16W48Y90,United Airlines
N76519,30132 / 3138,Boeing 737-824(WL),F16Y144,United Airlines
N76522,31660 / 3175,Boeing 737-824(WL),F16Y144,United Airlines
N76523,37101 / 3216,Boeing 737-824(WL),C16Y144,United Airlines
N76526,38700 / 3289,Boeing 737-824(WL),F16Y144,United Airlines
N76528,31663 / 3464,Boeing 737-824(WL),C16Y144,United Airlines
N76529,31652 / 3490,Boeing 737-824(WL),F16Y144,United Airlines
N77258,30802 / 708,Boeing 737-824(WL),F16W48Y90,United Airlines
N77261,31582 / 897,Boeing 737-824(WL),F20Y132,United Airlines
N77295,34001 / 1779,Boeing 737-824(WL),F16W48Y90,United Airlines
N77296,34002 / 1787,Boeing 737-824(WL),F16W48Y90,United Airlines
N77510,32828 / 2579,Boeing 737-824(WL),F16W48Y90,United Airlines
N77518,31605 / 2768,Boeing 737-824(WL),C16W48Y90,United Airlines
N77520,31658 / 3158,Boeing 737-824(WL),F16Y144,United Airlines
N77525,31659 / 3253,Boeing 737-824(WL),F16Y144,United Airlines
N77530,39998 / 3521,Boeing 737-824(WL),F16Y144,United Airlines
N78285,33452 / 1540,Boeing 737-824(WL),F16W48Y90,United Airlines
N78501,31602 / 1994,Boeing 737-824(WL),F16W48Y90,United Airlines
N78506,32832 / 2065,Boeing 737-824(WL),F16W48Y90,United Airlines
N78509,31638 / 2523,Boeing 737-824(WL),F16W48Y90,United Airlines
N78511,33459 / 2598,Boeing 737-824(WL),F16W48Y90,United Airlines
N78524,31642 / 3224,Boeing 737-824(WL),F16Y144,United Airlines
N79279,31597 / 1411,Boeing 737-824(WL),F16W48Y90,United Airlines
N79521,31662 / 3169,Boeing 737-824(WL),F16Y144,United Airlines
N87507,31637 / 2487,Boeing 737-824(WL),F16W48Y90,United Airlines
N87512,33458 / 2602,Boeing 737-824(WL),F16W48Y90,United Airlines
N87513,31621 / 2655,Boeing 737-824(WL),F16W48Y90,United Airlines
N87527,38701 / 3305,Boeing 737-824(WL),F16Y144,United Airlines
N87531,39999 / 3549,Boeing 737-824(WL),F16Y144,United Airlines
N27421,37094 / 2577,Boeing 737-924(ER)(WL),F20Y153,United Airlines
N27477,31647 / 4531,Boeing 737-924(ER)(WL),C20W51Y96,United Airlines
N28457,41744 / 4182,Boeing 737-924(ER)(WL),C20W51Y96,United Airlines
N28478,31649 / 4546,Boeing 737-924(ER)(WL),C20W51Y96,United Airlines
N30401,30118 / 820,Boeing 737-924(WL),C20Y153,United Airlines
N31412,30129 / 1112,Boeing 737-924(WL),F20Y153,United Airlines
N32404,30121 / 893,Boeing 737-924(WL),C20Y153,United Airlines
N34455,41743 / 4086,Boeing 737-924(ER)(WL),C20Y153,United Airlines
N34460,37200 / 4224,Boeing 737-924(ER)(WL),C20W51Y96,United Airlines
N35407,30124 / 951,Boeing 737-924(WL),F20Y153,United Airlines
N36444,31643 / 3417,Boeing 737-924(ER)(WL),F20Y153,United Airlines
N36447,31650 / 3924,Boeing 737-924(ER)(WL),C20W51Y96,United Airlines
N36469,36600 / 4374,Boeing 737-924(ER)(WL),C20W51Y96,United Airlines
N36472,31653 / 4436,Boeing 737-924(ER)(WL),C20W51Y96,United Airlines
N36476,38703 / 4506,Boeing 737-924(ER)(WL),C20W51Y96,United Airlines
N37408,30125 / 962,Boeing 737-924(WL),C20Y153,United Airlines
N37409,30126 / 1004,Boeing 737-924(WL),C20Y153,United Airlines
N37413,31664 / 2474,Boeing 737-924(ER)(WL),F20Y153,United Airlines
N37419,31666 / 2553,Boeing 737-924(ER)(WL),F20Y153,United Airlines
N37420,33457 / 2565,Boeing 737-924(ER)(WL),F20Y153,United Airlines
N37422,31620 / 2614,Boeing 737-924(ER)(WL),F20Y153,United Airlines
N37427,37097 / 2707,Boeing 737-924(ER)(WL),F20Y153,United Airlines
N37434,33528 / 2891,Boeing 737-924(ER)(WL),F20Y153,United Airlines
N37437,33532 / 2959,Boeing 737-924(ER)(WL),F20Y153,United Airlines
N37456,37205 / 4164,Boeing 737-924(ER)(WL),C20W51Y96,United Airlines
N37462,37207 / 4254,Boeing 737-924(ER)(WL),C20W51Y96,United Airlines
N37464,41745 / 4290,Boeing 737-924(ER)(WL),C20W51Y96,United Airlines
N37465,36599 / 4302,Boeing 737-924(ER)(WL),C20W51Y96,United Airlines
N37466,31644 / 4326,Boeing 737-924(ER)(WL),C20W51Y96,United Airlines
N37468,32836 / 4356,Boeing 737-924(ER)(WL),C20W51Y96,United Airlines
N37470,37099 / 4392,Boeing 737-924(ER)(WL),C20W51Y96,United Airlines
N37471,37102 / 4408,Boeing 737-924(ER)(WL),C20W51Y96,United Airlines
N37474,31648 / 4457,Boeing 737-924(ER)(WL),C20W51Y96,United Airlines
N38403,30120 / 884,Boeing 737-924(WL),F20Y153,United Airlines
N38417,31665 / 2541,Boeing 737-924(ER)(WL),F20Y153,United Airlines
N38424,37095 / 2651,Boeing 737-924(ER)(WL),F20Y153,United Airlines
N38443,31655 / 3393,Boeing 737-924(ER)(WL),F20Y153,United Airlines
N38446,31661 / 3894,Boeing 737-924(ER)(WL),C20W51Y96,United Airlines
N38451,31646 / 3990,Boeing 737-924(ER)(WL),C20W51Y96,United Airlines
N38454,31640 / 4068,Boeing 737-924(ER)(WL),C20Y153,United Airlines
N38458,37199 / 4188,Boeing 737-924(ER)(WL),C20W51Y96,United Airlines
N38459,37206 / 4218,Boeing 737-924(ER)(WL),C20W51Y96,United Airlines
N38467,33537 / 4344,Boeing 737-924(ER)(WL),C20W51Y96,United Airlines
N38473,38702 / 4452,Boeing 737-924(ER)(WL),C20W51Y96,United Airlines
N39415,32826 / 2516,Boeing 737-924(ER)(WL),F20Y153,United Airlines
N39416,37093 / 2528,Boeing 737-924(ER)(WL),F20Y153,United Airlines
N39418,33456 / 2547,Boeing 737-924(ER)(WL),F20Y153,United Airlines
N39423,32829 / 2645,Boeing 737-924(ER)(WL),F20Y153,United Airlines
N39450,40004 / 3984,Boeing 737-924(ER)(WL),C20W51Y96,United Airlines
N39461,37201 / 4230,Boeing 737-924(ER)(WL),C20W51Y96,United Airlines
N39463,37208 / 4260,Boeing 737-924(ER)(WL),C20W51Y96,United Airlines
N39475,37100 / 4473,Boeing 737-924(ER)(WL),C20W51Y96,United Airlines
N45440,33535 / 2996,Boeing 737-924(ER)(WL),F20Y153,United Airlines
N47414,32827 / 2490,Boeing 737-924(ER)(WL),F20Y153,United Airlines
N53441,30131 / 3014,Boeing 737-924(ER)(WL),F20Y153,United Airlines
N53442,33536 / 3027,Boeing 737-924(ER)(WL),F20Y153,United Airlines
N57439,33534 / 2990,Boeing 737-924(ER)(WL),F20Y153,United Airlines
N61881,42200 / 5408,Boeing 737-924(ER)(WL),C20W42Y117,United Airlines
N61882,42201 / 5416,Boeing 737-924(ER)(WL),C20W42Y117,United Airlines
N61886,42190 / 5505,Boeing 737-924(ER)(WL),C20W42Y117,United Airlines
N61887,42192 / 5536,Boeing 737-924(ER)(WL),C20W42Y117,United Airlines
N62849,42204 / 5366,Boeing 737-924(ER)(WL),C20W42Y117,United Airlines
N62883,42202 / 5463,Boeing 737-924(ER)(WL),C20W42Y117,United Airlines
N62884,42203 / 5467,Boeing 737-924(ER)(WL),C20W42Y117,United Airlines
N62889,42193 / 5559,Boeing 737-924(ER)(WL),C20W42Y117,United Airlines
N62892,42195 / 5620,Boeing 737-924(ER)(WL),C20W42Y117,United Airlines
N62894,42198,Boeing 737-924(ER)(WL),,United Airlines
N63820,43534 / 4847,Boeing 737-924(ER)(WL),C20W42Y117,United Airlines
N63890,42194 / 5570,Boeing 737-924(ER)(WL),C20W42Y117,United Airlines
N64809,42821 / 4718,Boeing 737-924(ER)(WL),C20W51Y96,United Airlines
N64844,42184 / 5282,Boeing 737-924(ER)(WL),C20W42Y117,United Airlines
N65832,44563 / 5047,Boeing 737-924(ER)(WL),C20W42Y117,United Airlines
N66803,42817 / 4589,Boeing 737-924(ER)(WL),C20W51Y96,United Airlines
N66808,42820 / 4690,Boeing 737-924(ER)(WL),C20W51Y96,United Airlines
N66814,42745 / 4787,Boeing 737-924(ER)(WL),C20W42Y117,United Airlines
N66825,42748 / 4918,Boeing 737-924(ER)(WL),C20W42Y117,United Airlines
N66828,44580 / 4958,Boeing 737-924(ER)(WL),C20W42Y117,United Airlines
N66831,44562 / 5029,Boeing 737-924(ER)(WL),C20W42Y117,United Airlines
N66837,60122 / 5168,Boeing 737-924(ER)(WL),C20W42Y117,United Airlines
N66841,42182 / 5254,Boeing 737-924(ER)(WL),C20W42Y117,United Airlines
N66848,42188 / 5339,Boeing 737-924(ER)(WL),C20W42Y117,United Airlines
N66893,42197 / 5734,Boeing 737-924(ER)(WL),,United Airlines
N67812,43530 / 4758,Boeing 737-924(ER)(WL),C20W42Y117,United Airlines
N67815,43532 / 4795,Boeing 737-924(ER)(WL),C20W42Y117,United Airlines
N67827,44581 / 4950,Boeing 737-924(ER)(WL),C20W42Y117,United Airlines
N67845,42185 / 5286,Boeing 737-924(ER)(WL),C20W42Y117,United Airlines
N67846,42186 / 5294,Boeing 737-924(ER)(WL),C20W42Y117,United Airlines
N68452,40005 / 4032,Boeing 737-924(ER)(WL),C20Y153,United Airlines
N68453,41742 / 4052,Boeing 737-924(ER)(WL),C20Y153,United Airlines
N68801,42740 / 4549,Boeing 737-924(ER)(WL),C20W51Y96,United Airlines
N68802,42739 / 4567,Boeing 737-924(ER)(WL),C20W51Y96,United Airlines
N68805,42818 / 4625,Boeing 737-924(ER)(WL),C20W51Y96,United Airlines
N68807,42819 / 4686,Boeing 737-924(ER)(WL),C20W51Y96,United Airlines
N68811,42175 / 4737,Boeing 737-924(ER)(WL),C20W42Y117,United Airlines
N68817,42747 / 4809,Boeing 737-924(ER)(WL),C20W42Y117,United Airlines
N68821,43535 / 4868,Boeing 737-924(ER)(WL),C20W42Y117,United Airlines
N68822,42178 / 4876,Boeing 737-924(ER)(WL),C20W42Y117,United Airlines
N68823,42746 / 4894,Boeing 737-924(ER)(WL),C20W42Y117,United Airlines
N68834,44564 / 5092,Boeing 737-924(ER)(WL),C20W42Y117,United Airlines
N68836,60088 / 5118,Boeing 737-924(ER)(WL),C20W42Y117,United Airlines
N68842,42183 / 5258,Boeing 737-924(ER)(WL),C20W42Y117,United Airlines
N68843,60317 / 5271,Boeing 737-924(ER)(WL),C20W42Y117,United Airlines
N68880,42199 / 5383,Boeing 737-924(ER)(WL),C20W42Y117,United Airlines
N68891,42196 / 5601,Boeing 737-924(ER)(WL),C20W42Y117,United Airlines
N69804,42816 / 4614,Boeing 737-924(ER)(WL),C20W51Y96,United Airlines
N69806,42742 / 4661,Boeing 737-924(ER)(WL),C20W51Y96,United Airlines
N69810,42744 / 4733,Boeing 737-924(ER)(WL),C20W51Y96,United Airlines
N69813,43531 / 4773,Boeing 737-924(ER)(WL),C20W42Y117,United Airlines
N69816,42176 / 4802,Boeing 737-924(ER)(WL),C20W42Y117,United Airlines
N69818,42177 / 4825,Boeing 737-924(ER)(WL),C20W42Y117,United Airlines
N69819,43533 / 4836,Boeing 737-924(ER)(WL),C20W42Y117,United Airlines
N69824,42179 / 4907,Boeing 737-924(ER)(WL),C20W42Y117,United Airlines
N69826,42180 / 4939,Boeing 737-924(ER)(WL),C20W42Y117,United Airlines
N69829,44561 / 4965,Boeing 737-924(ER)(WL),C20W42Y117,United Airlines
N69830,44560 / 4976,Boeing 737-924(ER)(WL),C20W42Y117,United Airlines
N69833,44565 / 5074,Boeing 737-924(ER)(WL),C20W42Y117,United Airlines
N69835,60087 / 5107,Boeing 737-924(ER)(WL),C20W42Y117,United Airlines
N69838,60121 / 5183,Boeing 737-924(ER)(WL),C20W42Y117,United Airlines
N69839,60316 / 5214,Boeing 737-924(ER)(WL),C20W42Y117,United Airlines
N69840,42181 / 5246,Boeing 737-924(ER)(WL),C20W42Y117,United Airlines
N69847,42187 / 5328,Boeing 737-924(ER)(WL),C20W42Y117,United Airlines
N69885,42189 / 5490,Boeing 737-924(ER)(WL),C20W42Y117,United Airlines
N69888,42191 / 5547,Boeing 737-924(ER)(WL),C20W42Y117,United Airlines
N71411,30128 / 1052,Boeing 737-924(WL),F20Y153,United Airlines
N72405,30122 / 911,Boeing 737-924(WL),F20Y153,United Airlines
N73406,30123 / 943,Boeing 737-924(WL),F20Y153,United Airlines
N73445,40000 / 3615,Boeing 737-924(ER)(WL),F20Y153,United Airlines
N75410,30127 / 1021,Boeing 737-924(WL),F20Y153,United Airlines
N75425,33460 / 2657,Boeing 737-924(ER)(WL),F20Y153,United Airlines
N75426,31622 / 2676,Boeing 737-924(ER)(WL),F20Y153,United Airlines
N75428,31633 / 2737,Boeing 737-924(ER)(WL),F20Y153,United Airlines
N75429,30130 / 2750,Boeing 737-924(ER)(WL),F20Y153,United Airlines
N75432,32835 / 2817,Boeing 737-924(ER)(WL),F20Y153,United Airlines
N75433,33527 / 2842,Boeing 737-924(ER)(WL),F20Y153,United Airlines
N75435,33529 / 2916,Boeing 737-924(ER)(WL),F20Y153,United Airlines
N75436,33531 / 2947,Boeing 737-924(ER)(WL),F20Y153,United Airlines
N77430,37098 / 2774,Boeing 737-924(ER)(WL),F20Y153,United Airlines
N77431,32833 / 2787,Boeing 737-924(ER)(WL),F20Y153,United Airlines
N78438,33533 / 2971,Boeing 737-924(ER)(WL),F20Y153,United Airlines
N78448,40003 / 3942,Boeing 737-924(ER)(WL),C20W51Y96,United Airlines
N79402,30119 / 857,Boeing 737-924(WL),F20Y153,United Airlines
N81449,31651 / 3978,Boeing 737-924(ER)(WL),C20W51Y96,United Airlines
N104UA,26902 / 1141,Boeing 747-422,F12C52W88Y222,United Airlines
N105UA,26473 / 985,Boeing 747-451,F12C52W88Y222,United Airlines
N107UA,26900 / 1168,Boeing 747-422,F12C52W88Y222,United Airlines
N116UA,26908 / 1193,Boeing 747-422,F12C52W88Y222,United Airlines
N117UA,28810 / 1197,Boeing 747-422,F12C52W88Y222,United Airlines
N118UA,28811 / 1201,Boeing 747-422,F12C52W88Y222,United Airlines
N119UA,28812 / 1207,Boeing 747-422,F12C52W88Y222,United Airlines
N120UA,29166 / 1209,Boeing 747-422,F12C52W88Y222,United Airlines
N121UA,29167 / 1211,Boeing 747-422,F12C52W88Y222,United Airlines
N122UA,29168 / 1218,Boeing 747-422,F12C52W88Y222,United Airlines
N127UA,28813 / 1221,Boeing 747-422,F12C52W88Y222,United Airlines
N128UA,30023 / 1245,Boeing 747-422,F12C52W88Y222,United Airlines
N174UA,24381 / 762,Boeing 747-422,F12C52W88Y222,United Airlines
N175UA,24382 / 806,Boeing 747-422,F12C52W88Y222,United Airlines
N177UA,24384 / 819,Boeing 747-422,F12C52W88Y222,United Airlines
N178UA,24385 / 820,Boeing 747-422,F12C52W88Y222,United Airlines
N179UA,25158 / 866,Boeing 747-422,F12C52W88Y222,United Airlines
N180UA,25224 / 867,Boeing 747-422,F12C52W88Y222,United Airlines
N181UA,25278 / 881,Boeing 747-422,F12C52W88Y222,United Airlines
N182UA,25279 / 882,Boeing 747-422,F12C52W88Y222,United Airlines
N197UA,26901 / 1121,Boeing 747-422,F12C52W88Y222,United Airlines
N199UA,28717 / 1126,Boeing 747-422,F12C52W88Y222,United Airlines
N12109,27299 / 648,Boeing 757-224(WL),C16W45Y108,United Airlines
N12114,27556 / 682,Boeing 757-224(WL),C16W45Y108,United Airlines
N12116,27558 / 702,Boeing 757-224(WL),C16W45Y108,United Airlines
N12125,28967 / 788,Boeing 757-224(WL),C16W45Y108,United Airlines
N13110,27300 / 650,Boeing 757-224(WL),C16W45Y108,United Airlines
N13113,27555 / 668,Boeing 757-224(WL),C16W45Y108,United Airlines
N13138,30351 / 903,Boeing 757-224(WL),C16W45Y108,United Airlines
N14102,27292 / 619,Boeing 757-224(WL),C16W45Y108,United Airlines
N14106,27296 / 637,Boeing 757-224(WL),C16W45Y108,United Airlines
N14107,27297 / 641,Boeing 757-224(WL),C16W45Y108,United Airlines
N14115,27557 / 686,Boeing 757-224(WL),C16W45Y108,United Airlines
N14118,27560 / 748,Boeing 757-224(WL),C16W45Y108,United Airlines
N14120,27562 / 761,Boeing 757-224(WL),C16W45Y108,United Airlines
N14121,27563 / 766,Boeing 757-224(WL),C16W45Y108,United Airlines
N17104,27294 / 629,Boeing 757-224(WL),C16W45Y108,United Airlines
N17105,27295 / 632,Boeing 757-224(WL),C16W45Y108,United Airlines
N17122,27564 / 768,Boeing 757-224(WL),C16W45Y108,United Airlines
N17126,27566 / 790,Boeing 757-224(WL),C16W45Y108,United Airlines
N17128,27567 / 795,Boeing 757-224(WL),C16W45Y108,United Airlines
N17133,29282 / 840,Boeing 757-224(WL),C16W45Y108,United Airlines
N17139,30352 / 911,Boeing 757-224(WL),C16W45Y108,United Airlines
N18112,27302 / 653,Boeing 757-224(WL),C16W45Y108,United Airlines
N18119,27561 / 753,Boeing 757-224(WL),C16W45Y108,United Airlines
N19117,27559 / 706,Boeing 757-224(WL),C16W45Y108,United Airlines
N19130,28970 / 799,Boeing 757-224(WL),C16W45Y108,United Airlines
N19136,29285 / 856,Boeing 757-224(WL),C16W45Y108,United Airlines
N19141,30354 / 933,Boeing 757-224(WL),C16W45Y108,United Airlines
N21108,27298 / 645,Boeing 757-224(WL),C16W45Y108,United Airlines
N26123,28966 / 781,Boeing 757-224(WL),C16W45Y108,United Airlines
N29124,27565 / 786,Boeing 757-224(WL),C16W45Y108,United Airlines
N29129,28969 / 796,Boeing 757-224(WL),C16W45Y108,United Airlines
N33103,27293 / 623,Boeing 757-224(WL),C16W45Y108,United Airlines
N33132,29281 / 809,Boeing 757-224(WL),C16W45Y108,United Airlines
N34131,28971 / 806,Boeing 757-224(WL),C16W45Y108,United Airlines
N34137,30229 / 899,Boeing 757-224(WL),C16W45Y108,United Airlines
N41135,29284 / 851,Boeing 757-224(WL),C16W45Y108,United Airlines
N41140,30353 / 913,Boeing 757-224(WL),C16W45Y108,United Airlines
N48127,28968 / 791,Boeing 757-224(WL),C16W45Y108,United Airlines
N502UA,24623 / 246,Boeing 757-222(WL),F12C26Y72,United Airlines
N505UA,24626 / 254,Boeing 757-222(WL),F12C26Y72,United Airlines
N510UA,24780 / 290,Boeing 757-222(WL),F12C26Y72,United Airlines
N512UA,24809 / 298,Boeing 757-222(WL),F12C26Y72,United Airlines
N518UA,24871 / 311,Boeing 757-222(WL),F12C26Y72,United Airlines
N543UA,25698 / 401,Boeing 757-222,C24W50Y108,United Airlines
N544UA,25322 / 405,Boeing 757-222(WL),C24W50Y108,United Airlines
N546UA,25367 / 413,Boeing 757-222(WL),C24W50Y108,United Airlines
N548UA,25396 / 420,Boeing 757-222,C24W50Y108,United Airlines
N550UA,25398 / 426,Boeing 757-222,C24W50Y108,United Airlines
N568UA,26674 / 498,Boeing 757-222(WL),C24W50Y108,United Airlines
N57111,27301 / 652,Boeing 757-224(WL),C16W45Y108,United Airlines
N58101,27291 / 614,Boeing 757-224(WL),C16W45Y108,United Airlines
N587UA,26713 / 570,Boeing 757-222(WL),C24W50Y108,United Airlines
N588UA,26717 / 571,Boeing 757-222(WL),C24W50Y108,United Airlines
N589UA,28707 / 773,Boeing 757-222(WL),C24W50Y108,United Airlines
N590UA,28708 / 785,Boeing 757-222(WL),C24W50Y108,United Airlines
N595UA,28748 / 789,Boeing 757-222(WL),C24W50Y108,United Airlines
N596UA,28749 / 794,Boeing 757-222(WL),F28W48Y66,United Airlines
N597UA,28750 / 841,Boeing 757-222(WL),C24W50Y108,United Airlines
N598UA,28751 / 844,Boeing 757-222(WL),C24W50Y108,United Airlines
N67134,29283 / 848,Boeing 757-224(WL),C16W45Y108,United Airlines
N56859,32818 / 1043,Boeing 757-324(WL),F24Y192,United Airlines
N57852,32811 / 995,Boeing 757-324(WL),F24Y192,United Airlines
N57855,32814 / 1038,Boeing 757-324(WL),F24Y192,United Airlines
N57857,32816 / 1040,Boeing 757-324(WL),F24Y192,United Airlines
N57862,32586 / 978,Boeing 757-33N(WL),F24Y192,United Airlines
N57863,32587 / 980,Boeing 757-33N(WL),F24Y192,United Airlines
N57864,32588 / 985,Boeing 757-33N(WL),F24Y192,United Airlines
N57868,32590 / 1017,Boeing 757-33N(WL),F24Y192,United Airlines
N57869,32593 / 1018,Boeing 757-33N(WL),F24Y192,United Airlines
N57870,33525 / 1031,Boeing 757-33N(WL),F24Y192,United Airlines
N73860,32584 / 972,Boeing 757-33N(WL),F24Y192,United Airlines
N74856,32815 / 1039,Boeing 757-324(WL),F24Y192,United Airlines
N75851,32810 / 990,Boeing 757-324(WL),F24Y192,United Airlines
N75853,32812 / 997,Boeing 757-324(WL),F24Y192,United Airlines
N75854,32813 / 999,Boeing 757-324(WL),F24Y192,United Airlines
N75858,32817 / 1042,Boeing 757-324(WL),F24Y192,United Airlines
N75861,32585 / 976,Boeing 757-33N(WL),F24Y192,United Airlines
N77865,32589 / 1003,Boeing 757-33N(WL),F24Y192,United Airlines
N77867,32592 / 1008,Boeing 757-33N(WL),F24Y192,United Airlines
N77871,33526 / 1032,Boeing 757-33N(WL),F24Y192,United Airlines
N78866,32591 / 1007,Boeing 757-33N(WL),F24Y192,United Airlines
N641UA,25091 / 360,Boeing 767-322(ER),F6C26W71Y80,United Airlines
N642UA,25092 / 367,Boeing 767-322(ER),F6C26W71Y80,United Airlines
N643UA,25093 / 368,Boeing 767-322(ER),F6C26W71Y80,United Airlines
N644UA,25094 / 369,Boeing 767-322(ER),F6C26W71Y80,United Airlines
N646UA,25283 / 420,Boeing 767-322(ER),F6C26W71Y80,United Airlines
N647UA,25284 / 424,Boeing 767-322(ER),F6C26W71Y80,United Airlines
N648UA,25285 / 443,Boeing 767-322(ER),F6C26W71Y80,United Airlines
N649UA,25286 / 444,Boeing 767-322(ER),F6C26W71Y80,United Airlines
N651UA,25389 / 452,Boeing 767-322(ER),F6C26W71Y80,United Airlines
N652UA,25390 / 457,Boeing 767-322(ER),F6C26W71Y80,United Airlines
N653UA,25391 / 460,Boeing 767-322(ER),F6C26W71Y80,United Airlines
N654UA,25392 / 462,Boeing 767-322(ER),F6C26W71Y80,United Airlines
N655UA,25393 / 468,Boeing 767-322(ER),F6C26W71Y80,United Airlines
N656UA,25394 / 472,Boeing 767-322(ER),F6C26W71Y80,United Airlines
N657UA,27112 / 479,Boeing 767-322(ER),F6C26W71Y80,United Airlines
N658UA,27113 / 480,Boeing 767-322(ER),F6C26W71Y80,United Airlines
N659UA,27114 / 485,Boeing 767-322(ER),F6C26W71Y80,United Airlines
N660UA,27115 / 494,Boeing 767-322(ER),F6C26W71Y80,United Airlines
N661UA,27158 / 507,Boeing 767-322(ER)(WL),C30W49Y135,United Airlines
N662UA,27159 / 513,Boeing 767-322(ER),F6C26W71Y80,United Airlines
N663UA,27160 / 514,Boeing 767-322(ER),F6C26W71Y80,United Airlines
N664UA,29236 / 707,Boeing 767-322(ER)(WL),C30W49Y135,United Airlines
N665UA,29237 / 711,Boeing 767-322(ER)(WL),C30W49Y135,United Airlines
N666UA,29238 / 715,Boeing 767-322(ER)(WL),C30W49Y135,United Airlines
N667UA,29239 / 716,Boeing 767-322(ER)(WL),C30W49Y135,United Airlines
N668UA,30024 / 742,Boeing 767-322(ER)(WL),C30W49Y135,United Airlines
N669UA,30025 / 757,Boeing 767-322(ER)(WL),C30W49Y135,United Airlines
N670UA,29240 / 763,Boeing 767-322(ER)(WL),C30W49Y135,United Airlines
N671UA,30026 / 766,Boeing 767-322(ER)(WL),C30W49Y135,United Airlines
N672UA,30027 / 777,Boeing 767-322(ER)(WL),C30W49Y135,United Airlines
N673UA,29241 / 779,Boeing 767-322(ER)(WL),C30W49Y135,United Airlines
N674UA,29242 / 782,Boeing 767-322(ER)(WL),C30W49Y135,United Airlines
N675UA,29243 / 800,Boeing 767-322(ER)(WL),C30W49Y135,United Airlines
N676UA,30028 / 834,Boeing 767-322(ER)(WL),C30W49Y135,United Airlines
N677UA,30029 / 852,Boeing 767-322(ER)(WL),C30W49Y135,United Airlines
N59053,29448 / 809,Boeing 767-424(ER),C39W70Y133,United Airlines
N66051,29446 / 799,Boeing 767-424(ER),C39W70Y133,United Airlines
N66056,29451 / 842,Boeing 767-424(ER),C39W70Y133,United Airlines
N66057,29452 / 859,Boeing 767-424(ER),C39W70Y133,United Airlines
N67052,29447 / 805,Boeing 767-424(ER),C39W70Y133,United Airlines
N67058,29453 / 862,Boeing 767-424(ER),C39W70Y133,United Airlines
N68061,29456 / 868,Boeing 767-424(ER),C39W70Y133,United Airlines
N69059,29454 / 864,Boeing 767-424(ER),C39W70Y133,United Airlines
N69063,29458 / 872,Boeing 767-424(ER),C39W70Y133,United Airlines
N76054,29449 / 816,Boeing 767-424(ER),C39W70Y133,United Airlines
N76055,29450 / 826,Boeing 767-424(ER),C39W70Y133,United Airlines
N76062,29457 / 869,Boeing 767-424(ER),C39W70Y133,United Airlines
N76064,29459 / 873,Boeing 767-424(ER),C39W70Y133,United Airlines
N76065,29460 / 876,Boeing 767-424(ER),C39W70Y133,United Airlines
N77066,29461 / 878,Boeing 767-424(ER),C39W70Y133,United Airlines
N78060,29455 / 866,Boeing 767-424(ER),C39W70Y133,United Airlines
N204UA,28713 / 191,Boeing 777-222(ER),F8C40W113Y108,United Airlines
N206UA,30212 / 216,Boeing 777-222(ER),F8C40W113Y108,United Airlines
N209UA,30215 / 259,Boeing 777-222(ER),F8C40W113Y108,United Airlines
N210UA,30216 / 264,Boeing 777-222,C32W98Y214,United Airlines
N211UA,30217 / 282,Boeing 777-222,C32W98Y214,United Airlines
N212UA,30218 / 293,Boeing 777-222,C32W98Y214,United Airlines
N213UA,30219 / 295,Boeing 777-222,C32W98Y214,United Airlines
N214UA,30220 / 296,Boeing 777-222,C32W98Y214,United Airlines
N215UA,30221 / 297,Boeing 777-222,C32W98Y214,United Airlines
N216UA,30549 / 291,Boeing 777-222(ER),F8C40W113Y108,United Airlines
N217UA,30550 / 294,Boeing 777-222(ER),F8C40W113Y108,United Airlines
N218UA,30222 / 317,Boeing 777-222(ER),F8C40W113Y108,United Airlines
N219UA,30551 / 318,Boeing 777-222(ER),F8C40W113Y108,United Airlines
N220UA,30223 / 340,Boeing 777-222(ER),F8C40W113Y108,United Airlines
N221UA,30552 / 347,Boeing 777-222(ER),F8C40W113Y108,United Airlines
N222UA,30553 / 352,Boeing 777-222(ER),F8C40W113Y108,United Airlines
N223UA,30224 / 357,Boeing 777-222(ER),F8C40W113Y108,United Airlines
N224UA,30225 / 375,Boeing 777-222(ER),F8C40W113Y108,United Airlines
N225UA,30554 / 377,Boeing 777-222(ER),F8C40W113Y108,United Airlines
N226UA,30226 / 380,Boeing 777-222(ER),F8C40W113Y108,United Airlines
N227UA,30555 / 381,Boeing 777-222(ER),F8C40W113Y108,United Airlines
N228UA,30556 / 384,Boeing 777-222(ER),F8C40W113Y108,United Airlines
N229UA,30557 / 388,Boeing 777-222(ER),F8C40W113Y108,United Airlines
N27015,28678 / 273,Boeing 777-224(ER),C50W72Y145,United Airlines
N37018,31680 / 397,Boeing 777-224(ER),C50W72Y145,United Airlines
N57016,28679 / 279,Boeing 777-224(ER),C50W72Y145,United Airlines
N69020,31687 / 625,Boeing 777-224(ER),C50W72Y145,United Airlines
N74007,29477 / 197,Boeing 777-224(ER),C50W72Y145,United Airlines
N76010,29480 / 220,Boeing 777-224(ER),C50W72Y145,United Airlines
N76021,39776 / 858,Boeing 777-224(ER),C50W72Y145,United Airlines
N768UA,26919 / 11,Boeing 777-222,C32W98Y214,United Airlines
N769UA,26921 / 12,Boeing 777-222,F8C40W110Y108,United Airlines
N77006,29476 / 183,Boeing 777-224(ER),C50W72Y145,United Airlines
N77012,29860 / 234,Boeing 777-224(ER),C50W72Y145,United Airlines
N77014,29862 / 253,Boeing 777-224(ER),C50W72Y145,United Airlines
N77019,35547 / 617,Boeing 777-224(ER),C50W72Y145,United Airlines
N77022,39777 / 868,Boeing 777-224(ER),C50W72Y145,United Airlines
N771UA,26932 / 3,Boeing 777-222,F8C40W110Y108,United Airlines
N772UA,26930 / 5,Boeing 777-222,C32W98Y214,United Airlines
N773UA,26929 / 4,Boeing 777-222,F8C40W110Y108,United Airlines
N774UA,26936 / 2,Boeing 777-222,F8C40W110Y108,United Airlines
N775UA,26947 / 22,Boeing 777-222,F8C40W110Y108,United Airlines
N776UA,26937 / 27,Boeing 777-222,F8C40W110Y108,United Airlines
N777UA,26916 / 7,Boeing 777-222,F8C40W110Y108,United Airlines
N778UA,26940 / 34,Boeing 777-222,F8C40W110Y108,United Airlines
N779UA,26941 / 35,Boeing 777-222,C32W98Y214,United Airlines
N78001,27577 / 161,Boeing 777-224(ER),C50W72Y145,United Airlines
N78002,27578 / 165,Boeing 777-224(ER),C50W72Y145,United Airlines
N78003,27579 / 167,Boeing 777-224(ER),C50W72Y145,United Airlines
N78004,27580 / 169,Boeing 777-224(ER),C50W72Y145,United Airlines
N78005,27581 / 177,Boeing 777-224(ER),C50W72Y145,United Airlines
N78008,29478 / 200,Boeing 777-224(ER),C50W72Y145,United Airlines
N78009,29479 / 211,Boeing 777-224(ER),C50W72Y145,United Airlines
N78013,29861 / 243,Boeing 777-224(ER),C50W72Y145,United Airlines
N78017,31679 / 391,Boeing 777-224(ER),C50W72Y145,United Airlines
N780UA,26944 / 36,Boeing 777-222,F8C40W110Y108,United Airlines
N781UA,26945 / 40,Boeing 777-222,F8C40W110Y108,United Airlines
N782UA,26948 / 57,Boeing 777-222(ER),F8C40W113Y108,United Airlines
N783UA,26950 / 60,Boeing 777-222(ER),F8C40W113Y108,United Airlines
N784UA,26951 / 69,Boeing 777-222(ER),F8C40W113Y108,United Airlines
N785UA,26954 / 73,Boeing 777-222(ER),F8C40W113Y108,United Airlines
N786UA,26938 / 52,Boeing 777-222(ER),F8C40W113Y108,United Airlines
N787UA,26939 / 43,Boeing 777-222(ER),F8C40W113Y108,United Airlines
N788UA,26942 / 82,Boeing 777-222(ER),F8C40W113Y108,United Airlines
N79011,29859 / 227,Boeing 777-224(ER),C50W72Y145,United Airlines
N791UA,26933 / 93,Boeing 777-222(ER),F8C40W113Y108,United Airlines
N792UA,26934 / 96,Boeing 777-222(ER),F8C40W113Y108,United Airlines
N793UA,26946 / 97,Boeing 777-222(ER),F8C40W113Y108,United Airlines
N794UA,26953 / 105,Boeing 777-222(ER),F8C40W113Y108,United Airlines
N795UA,26927 / 108,Boeing 777-222(ER),F8C40W113Y108,United Airlines
N796UA,26931 / 112,Boeing 777-222(ER),F8C40W113Y108,United Airlines
N797UA,26924 / 116,Boeing 777-222(ER),F8C40W113Y108,United Airlines
N798UA,26928 / 123,Boeing 777-222(ER),F8C40W113Y108,United Airlines
N799UA,26926 / 139,Boeing 777-222(ER),F8C40W113Y108,United Airlines
N20904,34824 / 53,Boeing 787-8 Dreamliner,C36W70Y113,United Airlines
N26902,34822 / 50,Boeing 787-8 Dreamliner,C36W70Y113,United Airlines
N26906,34829 / 77,Boeing 787-8 Dreamliner,C36W70Y113,United Airlines
N26909,34827 / 135,Boeing 787-8 Dreamliner,C36W70Y113,United Airlines
N26910,34826 / 145,Boeing 787-8 Dreamliner,C36W70Y113,United Airlines
N27901,34821 / 45,Boeing 787-8 Dreamliner,C36W70Y113,United Airlines
N27903,34823 / 52,Boeing 787-8 Dreamliner,C36W70Y113,United Airlines
N27908,36400 / 124,Boeing 787-8 Dreamliner,C36W70Y113,United Airlines
N28912,34828 / 186,Boeing 787-8 Dreamliner,C36W70Y113,United Airlines
N29907,34830 / 117,Boeing 787-8 Dreamliner,C36W70Y113,United Airlines
N30913,35879 / 238,Boeing 787-8 Dreamliner,C36W70Y113,United Airlines
N45905,34825 / 55,Boeing 787-8 Dreamliner,C36W70Y113,United Airlines
N13954,36405 / 275,Boeing 787-9 Dreamliner,C48W88Y116,United Airlines
N19951,36402 / 223,Boeing 787-9 Dreamliner,C48W88Y116,United Airlines
N26952,36403 / 263,Boeing 787-9 Dreamliner,C48W88Y116,United Airlines
N26960,36408 / 355,Boeing 787-9 Dreamliner,C48W88Y116,United Airlines
N27957,36409 / 334,Boeing 787-9 Dreamliner,C48W88Y116,United Airlines
N27958,36406 / 342,Boeing 787-9 Dreamliner,C48W88Y116,United Airlines
N27959,36407 / 348,Boeing 787-9 Dreamliner,C48W88Y116,United Airlines
N29961,37811 / 363,Boeing 787-9 Dreamliner,C48W88Y116,United Airlines
N35953,36404 / 269,Boeing 787-9 Dreamliner,C48W88Y116,United Airlines
N36962,35880 / 365,Boeing 787-9 Dreamliner,C48W88Y116,United Airlines
N38950,36401 / 181,Boeing 787-9 Dreamliner,C48W88Y116,United Airlines
N38955,37814 / 297,Boeing 787-9 Dreamliner,C48W88Y116,United Airlines
N45956,40918 / 324,Boeing 787-9 Dreamliner,C48W88Y116,United Airlines
N11526,145410,Embraer ERJ-135LR,Y37,ExpressJet Airlines
N15527,145413,Embraer ERJ-135LR,Y37,ExpressJet Airlines
N12528,145504,Embraer ERJ-135LR,Y37,ExpressJet Airlines
N28529,145512,Embraer ERJ-135LR,Y37,ExpressJet Airlines
N12530,145533,Embraer ERJ-135LR,Y37,ExpressJet Airlines
N14950,145061,Embraer ERJ-145LR,Y50,ExpressJet Airlines
N27962,145110,Embraer ERJ-145LR,Y50,ExpressJet Airlines
N626AE,145117,Embraer ERJ-145LR,Y50,ExpressJet Airlines
N13964,145123,Embraer ERJ-145LR,Y50,ExpressJet Airlines
N13965,145125,Embraer ERJ-145LR,Y50,ExpressJet Airlines
N629AE,145130,Embraer ERJ-145LR,Y50,ExpressJet Airlines
N12967,145133,Embraer ERJ-145LR,Y50,ExpressJet Airlines
N13969,145141,Embraer ERJ-145LR,Y50,ExpressJet Airlines
N13970,145146,Embraer ERJ-145LR,Y50,ExpressJet Airlines
N22971,145149,Embraer ERJ-145LR,Y50,ExpressJet Airlines
N14972,145151,Embraer ERJ-145LR,Y50,ExpressJet Airlines
N14974,145161,Embraer ERJ-145LR,Y50,ExpressJet Airlines
N13975,145163,Embraer ERJ-145LR,Y50,ExpressJet Airlines
N16976,145171,Embraer ERJ-145LR,Y50,ExpressJet Airlines
N14977,145175,Embraer ERJ-145LR,Y50,ExpressJet Airlines
N13978,145180,Embraer ERJ-145LR,Y50,ExpressJet Airlines
N13979,145181,Embraer ERJ-145LR,Y50,ExpressJet Airlines
N15980,145202,Embraer ERJ-145LR,Y50,ExpressJet Airlines
N16981,145208,Embraer ERJ-145LR,Y50,ExpressJet Airlines
N15983,145239,Embraer ERJ-145LR,Y50,ExpressJet Airlines
N17984,145246,Embraer ERJ-145LR,Y50,ExpressJet Airlines
N15985,145248,Embraer ERJ-145LR,Y50,ExpressJet Airlines
N15986,145254,Embraer ERJ-145LR,Y50,ExpressJet Airlines
N16987,145261,Embraer ERJ-145LR,Y50,ExpressJet Airlines
N13988,145265,Embraer ERJ-145LR,Y50,ExpressJet Airlines
N13989,145271,Embraer ERJ-145LR,Y50,ExpressJet Airlines
N14991,145278,Embraer ERJ-145LR,Y50,ExpressJet Airlines
N13992,145284,Embraer ERJ-145LR,Y50,ExpressJet Airlines
N14993,145289,Embraer ERJ-145LR,Y50,ExpressJet Airlines
N13994,145291,Embraer ERJ-145LR,Y50,ExpressJet Airlines
N13995,145295,Embraer ERJ-145LR,Y50,ExpressJet Airlines
N12996,145296,Embraer ERJ-145LR,Y50,ExpressJet Airlines
N13997,145298,Embraer ERJ-145LR,Y50,ExpressJet Airlines
N14998,145302,Embraer ERJ-145LR,Y50,ExpressJet Airlines
N16999,145307,Embraer ERJ-145LR,Y50,ExpressJet Airlines
N12924,145311,Embraer ERJ-145LR,Y50,ExpressJet Airlines
N14923,145318,Embraer ERJ-145LR,Y50,ExpressJet Airlines
N12922,145338,Embraer ERJ-145LR,Y50,ExpressJet Airlines
N12921,145354,Embraer ERJ-145LR,Y50,ExpressJet Airlines
N14920,145380,Embraer ERJ-145LR,Y50,ExpressJet Airlines
N16919,145393,Embraer ERJ-145LR,Y50,ExpressJet Airlines
N16918,145397,Embraer ERJ-145LR,Y50,ExpressJet Airlines
N11551,145411,Embraer ERJ-145LR,Y50,ExpressJet Airlines
N29917,145414,Embraer ERJ-145LR,Y50,ExpressJet Airlines
N14916,145415,Embraer ERJ-145LR,Y50,ExpressJet Airlines
N36915,145421,Embraer ERJ-145LR,Y50,ExpressJet Airlines
N13914,145430,Embraer ERJ-145LR,Y50,ExpressJet Airlines
N13913,145438,Embraer ERJ-145LR,Y50,ExpressJet Airlines
N15912,145439,Embraer ERJ-145LR,Y50,ExpressJet Airlines
N16911,145446,Embraer ERJ-145LR,Y50,ExpressJet Airlines
N15910,145455,Embraer ERJ-145LR,Y50,ExpressJet Airlines
N22909,145459,Embraer ERJ-145LR,Y50,ExpressJet Airlines
N13908,145465,Embraer ERJ-145LR,Y50,ExpressJet Airlines
N14907,145468,Embraer ERJ-145LR,Y50,ExpressJet Airlines
N29906,145472,Embraer ERJ-145LR,Y50,ExpressJet Airlines
N14905,145476,Embraer ERJ-145LR,Y50,ExpressJet Airlines
N14904,145477,Embraer ERJ-145LR,Y50,ExpressJet Airlines
N13903,145479,Embraer ERJ-145LR,Y50,ExpressJet Airlines
N14902,145496,Embraer ERJ-145LR,Y50,ExpressJet Airlines
N48901,145501,Embraer ERJ-145LR,Y50,ExpressJet Airlines
N12900,145511,Embraer ERJ-145LR,Y50,ExpressJet Airlines
N11535,145518,Embraer ERJ-145LR,Y50,ExpressJet Airlines
N11536,145520,Embraer ERJ-145LR,Y50,ExpressJet Airlines
N21537,145523,Embraer ERJ-145LR,Y50,ExpressJet Airlines
N13538,145527,Embraer ERJ-145LR,Y50,ExpressJet Airlines
N11539,145536,Embraer ERJ-145LR,Y50,ExpressJet Airlines
N12540,145537,Embraer ERJ-145LR,Y50,ExpressJet Airlines
N16541,145542,Embraer ERJ-145LR,Y50,ExpressJet Airlines
N14542,145547,Embraer ERJ-145LR,Y50,ExpressJet Airlines
N14543,145553,Embraer ERJ-145LR,Y50,ExpressJet Airlines
N11544,145557,Embraer ERJ-145LR,Y50,ExpressJet Airlines
N26545,145558,Embraer ERJ-145LR,Y50,ExpressJet Airlines
N16546,145562,Embraer ERJ-145LR,Y50,ExpressJet Airlines
N11547,145563,Embraer ERJ-145LR,Y50,ExpressJet Airlines
N11548,145565,Embraer ERJ-145LR,Y50,ExpressJet Airlines
N26549,145571,Embraer ERJ-145LR,Y50,ExpressJet Airlines
N13550,145575,Embraer ERJ-145LR,Y50,ExpressJet Airlines
N12552,145583,Embraer ERJ-145LR,Y50,ExpressJet Airlines
N13553,145585,Embraer ERJ-145LR,Y50,ExpressJet Airlines
N19554,145587,Embraer ERJ-145LR,Y50,ExpressJet Airlines
N18101,145590,Embraer ERJ-145XR,Y50,ExpressJet Airlines
N15555,145594,Embraer ERJ-145LR,Y50,ExpressJet Airlines
N18556,145595,Embraer ERJ-145LR,Y50,ExpressJet Airlines
N18557,145596,Embraer ERJ-145LR,Y50,ExpressJet Airlines
N14558,145598,Embraer ERJ-145LR,Y50,ExpressJet Airlines
N16559,145603,Embraer ERJ-145LR,Y50,ExpressJet Airlines
N17560,145605,Embraer ERJ-145LR,Y50,ExpressJet Airlines
N16561,145610,Embraer ERJ-145LR,Y50,ExpressJet Airlines
N14562,145611,Embraer ERJ-145LR,Y50,ExpressJet Airlines
N12563,145612,Embraer ERJ-145LR,Y50,ExpressJet Airlines
N12564,145618,Embraer ERJ-145LR,Y50,ExpressJet Airlines
N11565,145621,Embraer ERJ-145LR,Y50,ExpressJet Airlines
N13566,145622,Embraer ERJ-145LR,Y50,ExpressJet Airlines
N12567,145623,Embraer ERJ-145LR,Y50,ExpressJet Airlines
N14568,145628,Embraer ERJ-145LR,Y50,ExpressJet Airlines
N12569,145630,Embraer ERJ-145LR,Y50,ExpressJet Airlines
N14570,145632,Embraer ERJ-145LR,Y50,ExpressJet Airlines
N16571,145633,Embraer ERJ-145LR,Y50,ExpressJet Airlines
N15572,145636,Embraer ERJ-145LR,Y50,ExpressJet Airlines
N14573,145638,Embraer ERJ-145LR,Y50,ExpressJet Airlines
N15574,145639,Embraer ERJ-145LR,Y50,ExpressJet Airlines
N10575,145640,Embraer ERJ-145LR,Y50,ExpressJet Airlines
N18102,145643,Embraer ERJ-145XR,Y50,ExpressJet Airlines
N24103,145645,Embraer ERJ-145XR,Y50,ExpressJet Airlines
N41104,145646,Embraer ERJ-145XR,Y50,ExpressJet Airlines
N14105,145649,Embraer ERJ-145XR,Y50,ExpressJet Airlines
N11107,145654,Embraer ERJ-145XR,Y50,ExpressJet Airlines
N17108,145655,Embraer ERJ-145XR,Y50,ExpressJet Airlines
N11109,145657,Embraer ERJ-145XR,Y50,ExpressJet Airlines
N34110,145658,Embraer ERJ-145XR,Y50,ExpressJet Airlines
N17115,145666,Embraer ERJ-145XR,Y50,ExpressJet Airlines
N14116,145672,Embraer ERJ-145XR,Y50,ExpressJet Airlines
N14117,145674,Embraer ERJ-145XR,Y50,ExpressJet Airlines
N13118,145675,Embraer ERJ-145XR,Y50,ExpressJet Airlines
N11119,145677,Embraer ERJ-145XR,Y50,ExpressJet Airlines
N18120,145681,Embraer ERJ-145XR,Y50,ExpressJet Airlines
N13124,145689,Embraer ERJ-145XR,Y50,ExpressJet Airlines
N14125,145690,Embraer ERJ-145XR,Y50,ExpressJet Airlines
N12126,145693,Embraer ERJ-145XR,Y50,ExpressJet Airlines
N11127,145697,Embraer ERJ-145XR,Y50,ExpressJet Airlines
N24128,145700,Embraer ERJ-145XR,Y50,ExpressJet Airlines
N21129,145703,Embraer ERJ-145XR,Y50,ExpressJet Airlines
N31131,145705,Embraer ERJ-145XR,Y50,ExpressJet Airlines
N13132,145708,Embraer ERJ-145XR,Y50,ExpressJet Airlines
N13133,145712,Embraer ERJ-145XR,Y50,ExpressJet Airlines
N25134,145714,Embraer ERJ-145XR,Y50,ExpressJet Airlines
N12135,145718,Embraer ERJ-145XR,Y50,ExpressJet Airlines
N12136,145719,Embraer ERJ-145XR,Y50,ExpressJet Airlines
N11137,145721,Embraer ERJ-145XR,Y50,ExpressJet Airlines
N17138,145727,Embraer ERJ-145XR,Y50,ExpressJet Airlines
N23139,145731,Embraer ERJ-145XR,Y50,ExpressJet Airlines
N11140,145732,Embraer ERJ-145XR,Y50,ExpressJet Airlines
N26141,145733,Embraer ERJ-145XR,Y50,ExpressJet Airlines
N12142,145735,Embraer ERJ-145XR,Y50,ExpressJet Airlines
N14143,145739,Embraer ERJ-145XR,Y50,ExpressJet Airlines
N21144,145741,Embraer ERJ-145XR,Y50,ExpressJet Airlines
N17146,145746,Embraer ERJ-145XR,Y50,ExpressJet Airlines
N16147,145749,Embraer ERJ-145XR,Y50,ExpressJet Airlines
N14148,145751,Embraer ERJ-145XR,Y50,ExpressJet Airlines
N16149,145753,Embraer ERJ-145XR,Y50,ExpressJet Airlines
N11150,145756,Embraer ERJ-145XR,Y50,ExpressJet Airlines
N27152,145759,Embraer ERJ-145XR,Y50,ExpressJet Airlines
N21154,145772,Embraer ERJ-145XR,Y50,ExpressJet Airlines
N667GB,145784,Embraer ERJ-145LR,Y50,ExpressJet Airlines
N12157,145787,Embraer ERJ-145XR,Y50,ExpressJet Airlines
N14158,145791,Embraer ERJ-145XR,Y50,ExpressJet Airlines
N17159,145792,Embraer ERJ-145XR,Y50,ExpressJet Airlines
N671AE,145793,Embraer ERJ-145LR,Y50,ExpressJet Airlines
N672AE,145794,Embraer ERJ-145LR,Y50,ExpressJet Airlines
N673AE,145797,Embraer ERJ-145LR,Y50,ExpressJet Airlines
N12160,145799,Embraer ERJ-145XR,Y50,ExpressJet Airlines
N13161,14500805,Embraer ERJ-145XR,Y50,ExpressJet Airlines
N675AE,14500806,Embraer ERJ-145LR,Y50,ExpressJet Airlines
N676AE,14500807,Embraer ERJ-145LR,Y50,ExpressJet Airlines
N14162,14500808,Embraer ERJ-145XR,Y50,ExpressJet Airlines
N677AE,14500810,Embraer ERJ-145LR,Y50,ExpressJet Airlines
N12163,14500811,Embraer ERJ-145XR,Y50,ExpressJet Airlines
N678AE,14500813,Embraer ERJ-145LR,Y50,ExpressJet Airlines
N11164,14500817,Embraer ERJ-145XR,Y50,ExpressJet Airlines
N11165,14500819,Embraer ERJ-145XR,Y50,ExpressJet Airlines
N680AE,14500820,Embraer ERJ-145LR,Y50,ExpressJet Airlines
N12166,14500831,Embraer ERJ-145XR,Y50,ExpressJet Airlines
N12167,14500834,Embraer ERJ-145XR,Y41,ExpressJet Airlines
N685AE,14500836,Embraer ERJ-145LR,Y50,ExpressJet Airlines
N14168,14500840,Embraer ERJ-145XR,Y41,ExpressJet Airlines
N17169,14500844,Embraer ERJ-145XR,Y50,ExpressJet Airlines
N687JS,14500846,Embraer ERJ-145LR,Y50,ExpressJet Airlines
N16170,14500850,Embraer ERJ-145XR,Y50,ExpressJet Airlines
N14171,14500859,Embraer ERJ-145XR,Y50,ExpressJet Airlines
N12172,14500864,Embraer ERJ-145XR,Y50,ExpressJet Airlines
N14173,14500872,Embraer ERJ-145XR,Y50,ExpressJet Airlines
N14174,14500876,Embraer ERJ-145XR,Y50,ExpressJet Airlines
N12175,14500878,Embraer ERJ-145XR,Y50,ExpressJet Airlines
N11176,14500881,Embraer ERJ-145XR,Y50,ExpressJet Airlines
N14177,14500888,Embraer ERJ-145XR,Y50,ExpressJet Airlines
N16178,14500889,Embraer ERJ-145XR,Y50,ExpressJet Airlines
N14179,14500896,Embraer ERJ-145XR,Y50,ExpressJet Airlines
N14180,14500900,Embraer ERJ-145XR,Y50,ExpressJet Airlines
N11181,14500904,Embraer ERJ-145XR,Y50,ExpressJet Airlines
N33182,14500909,Embraer ERJ-145XR,Y50,ExpressJet Airlines
N16183,14500914,Embraer ERJ-145XR,Y50,ExpressJet Airlines
N11184,14500917,Embraer ERJ-145XR,Y50,ExpressJet Airlines
N17185,14500922,Embraer ERJ-145XR,Y50,ExpressJet Airlines
N14186,14500924,Embraer ERJ-145XR,Y50,ExpressJet Airlines
N11187,14500927,Embraer ERJ-145XR,Y50,ExpressJet Airlines
N14188,14500929,Embraer ERJ-145XR,Y50,ExpressJet Airlines
N11189,14500931,Embraer ERJ-145XR,Y50,ExpressJet Airlines
N27190,14500934,Embraer ERJ-145XR,Y50,ExpressJet Airlines
N11191,14500935,Embraer ERJ-145XR,Y50,ExpressJet Airlines
N11192,14500936,Embraer ERJ-145XR,Y50,ExpressJet Airlines
N11193,14500938,Embraer ERJ-145XR,Y50,ExpressJet Airlines
N11194,14500940,Embraer ERJ-145XR,Y50,ExpressJet Airlines
N12195,14500943,Embraer ERJ-145XR,Y50,ExpressJet Airlines
N17196,14500945,Embraer ERJ-145XR,Y50,ExpressJet Airlines
N21197,14500947,Embraer ERJ-145XR,Y50,ExpressJet Airlines
N14198,14500951,Embraer ERJ-145XR,Y50,ExpressJet Airlines
N11199,14500953,Embraer ERJ-145XR,Y50,ExpressJet Airlines
N27200,14500956,Embraer ERJ-145XR,Y50,ExpressJet Airlines
N12201,14500959,Embraer ERJ-145XR,Y50,ExpressJet Airlines
N13202,14500962,Embraer ERJ-145XR,Y50,ExpressJet Airlines
N14203,14500964,Embraer ERJ-145XR,Y50,ExpressJet Airlines
N14204,14500968,Embraer ERJ-145XR,Y50,ExpressJet Airlines
N416SW,7089,Canadair CL-600-2B19 Regional ,Y50,SkyWest
N492SW,7168,Canadair CL-600-2B19 Regional ,Y50,SkyWest
N594SW,7285,Canadair CL-600-2B19 Regional ,Y50,SkyWest
N779CA,7306,Canadair CL-600-2B19 Regional ,Y50,SkyWest
N781CA,7312,Canadair CL-600-2B19 Regional ,Y50,SkyWest
N783CA,7315,Canadair CL-600-2B19 Regional ,Y50,SkyWest
N809CA,7366,Canadair CL-600-2B19 Regional ,Y50,SkyWest
N868CA,7427,Canadair CL-600-2B19 Regional ,Y50,SkyWest
N983CA,7169,Canadair CL-600-2B19 Regional ,Y50,SkyWest
N984CA,7171,Canadair CL-600-2B19 Regional ,Y50,SkyWest
N986CA,7174,Canadair CL-600-2B19 Regional ,Y50,SkyWest
N988CA,7204,Canadair CL-600-2B19 Regional ,Y50,SkyWest
N417SW,7400,Canadair CL-600-2B19 Regional Jet CRJ-200LR,Y50,SkyWest
N418SW,7446,Canadair CL-600-2B19 Regional Jet CRJ-200LR,Y50,SkyWest
N423SW,7456,Canadair CL-600-2B19 Regional Jet CRJ-200LR,Y50,SkyWest
N426SW,7468,Canadair CL-600-2B19 Regional Jet CRJ-200LR,Y50,SkyWest
N427SW,7497,Canadair CL-600-2B19 Regional Jet CRJ-200LR,Y50,SkyWest
N429SW,7518,Canadair CL-600-2B19 Regional ,Y50,SkyWest
N430SW,7523,Canadair CL-600-2B19 Regional ,Y50,SkyWest
N431SW,7536,Canadair CL-600-2B19 Regional ,Y50,SkyWest
N432SW,7548,Canadair CL-600-2B19 Regional ,Y50,SkyWest
N433SW,7550,Canadair CL-600-2B19 Regional ,Y50,SkyWest
N435SW,7555,Canadair CL-600-2B19 Regional ,Y50,SkyWest
N437SW,7564,Canadair CL-600-2B19 Regional ,Y50,SkyWest
N438SW,7574,Canadair CL-600-2B19 Regional ,Y50,SkyWest
N439SW,7578,Canadair CL-600-2B19 Regional ,Y50,SkyWest
N440SW,7589,Canadair CL-600-2B19 Regional ,Y50,SkyWest
N441SW,7602,Canadair CL-600-2B19 Regional ,Y50,SkyWest
N442SW,7609,Canadair CL-600-2B19 Regional ,Y50,SkyWest
N443SW,7638,Canadair CL-600-2B19 Regional ,Y50,SkyWest
N445SW,7651,Canadair CL-600-2B19 Regional ,Y50,SkyWest
N446SW,7666,Canadair CL-600-2B19 Regional ,Y50,SkyWest
N447SW,7677,Canadair CL-600-2B19 Regional ,Y50,SkyWest
N448SW,7678,Canadair CL-600-2B19 Regional ,Y50,SkyWest
N449SW,7699,Canadair CL-600-2B19 Regional ,Y50,SkyWest
N452SW,7716,Canadair CL-600-2B19 Regional ,Y50,SkyWest
N453SW,7743,Canadair CL-600-2B19 Regional ,Y50,SkyWest
N454SW,7749,Canadair CL-600-2B19 Regional ,Y50,SkyWest
N455CA,7592,Canadair CL-600-2B19 Regional ,Y50,SkyWest
N455SW,7760,Canadair CL-600-2B19 Regional ,Y50,SkyWest
N457SW,7773,Canadair CL-600-2B19 Regional ,Y50,SkyWest
N459SW,7782,Canadair CL-600-2B19 Regional ,Y50,SkyWest
N460SW,7803,Canadair CL-600-2B19 Regional ,Y50,SkyWest
N461SW,7811,Canadair CL-600-2B19 Regional ,Y50,SkyWest
N463SW,7820,Canadair CL-600-2B19 Regional ,Y50,SkyWest
N464SW,7827,Canadair CL-600-2B19 Regional ,Y50,SkyWest
N465SW,7845,Canadair CL-600-2B19 Regional ,Y50,SkyWest
N466SW,7856,Canadair CL-600-2B19 Regional ,Y50,SkyWest
N468CA,7649,Canadair CL-600-2B19 Regional ,Y50,SkyWest
N471CA,7655,Canadair CL-600-2B19 Regional ,Y50,SkyWest
N472CA,7667,Canadair CL-600-2B19 Regional ,Y50,SkyWest
N477CA,7670,Canadair CL-600-2B19 Regional ,Y50,SkyWest
N479CA,7675,Canadair CL-600-2B19 Regional ,Y50,SkyWest
N487CA,7729,Canadair CL-600-2B19 Regional ,Y50,SkyWest
N494CA,7765,Canadair CL-600-2B19 Regional ,Y50,SkyWest
N495CA,7774,Canadair CL-600-2B19 Regional ,Y50,SkyWest
N496CA,7791,Canadair CL-600-2B19 Regional ,Y50,SkyWest
N498CA,7792,Canadair CL-600-2B19 Regional ,Y50,SkyWest
N506CA,7793,Canadair CL-600-2B19 Regional ,Y50,SkyWest
N507CA,7796,Canadair CL-600-2B19 Regional ,Y50,SkyWest
N593ML,7465,Canadair CL-600-2B19 Regional Jet CRJ-200LR,Y50,SkyWest
N601XJ,8044,Canadair CL-600-2B19 Regional ,Y50,SkyWest
N602XJ,8045,Canadair CL-600-2B19 Regional ,Y50,SkyWest
N629BR,7251,Canadair CL-600-2B19 Regional ,Y50,SkyWest
N652BR,7429,Canadair CL-600-2B19 Regional ,Y50,SkyWest
N659BR,7509,Canadair CL-600-2B19 Regional ,Y50,SkyWest
N675BR,7635,Canadair CL-600-2B19 Regional ,Y50,SkyWest
N679SA,7652,Canadair CL-600-2B19 Regional ,Y50,SkyWest
N685BR,7712,Canadair CL-600-2B19 Regional ,Y50,SkyWest
N693BR,7761,Canadair CL-600-2B19 Regional ,Y50,SkyWest
N699BR,7801,Canadair CL-600-2B19 Regional ,Y50,SkyWest
N701BR,7448,Canadair CL-600-2B19 Regional ,Y50,SkyWest
N702BR,7462,Canadair CL-600-2B19 Regional ,Y50,SkyWest
N709BR,7850,Canadair CL-600-2B19 Regional ,Y50,SkyWest
N821AS,7194,Canadair CL-600-2B19 Regional ,Y50,SkyWest
N823AS,7196,Canadair CL-600-2B19 Regional ,Y50,SkyWest
N824AS,7203,Canadair CL-600-2B19 Regional ,Y50,SkyWest
N862AS,7476,Canadair CL-600-2B19 Regional ,Y50,SkyWest
N863AS,7487,Canadair CL-600-2B19 Regional ,Y50,SkyWest
N864AS,7502,Canadair CL-600-2B19 Regional ,Y50,SkyWest
N866AS,7517,Canadair CL-600-2B19 Regional ,Y50,SkyWest
N869AS,7479,Canadair CL-600-2B19 Regional ,Y50,SkyWest
N874AS,7551,Canadair CL-600-2B19 Regional ,Y50,SkyWest
N875AS,7559,Canadair CL-600-2B19 Regional ,Y50,SkyWest
N8828D,7828,Canadair CL-600-2B19 Regional Jet CRJ-200LR,Y50,SkyWest
N885AS,7521,Canadair CL-600-2B19 Regional ,Y50,SkyWest
N886AS,7531,Canadair CL-600-2B19 Regional ,Y50,SkyWest
N8884E,7884,Canadair CL-600-2B19 Regional Jet CRJ-200LR,Y50,SkyWest
N889AS,7538,Canadair CL-600-2B19 Regional ,Y50,SkyWest
N8903A,7903,Canadair CL-600-2B19 Regional Jet CRJ-200LR,Y50,SkyWest
N8923A,7923,Canadair CL-600-2B19 Regional Jet CRJ-200LR,Y50,SkyWest
N8932C,7932,Canadair CL-600-2B19 Regional Jet CRJ-200LR,Y50,SkyWest
N8933B,7933,Canadair CL-600-2B19 Regional Jet CRJ-200LR,Y50,SkyWest
N8942A,7942,Canadair CL-600-2B19 Regional Jet CRJ-200LR,Y50,SkyWest
N8965E,7965,Canadair CL-600-2B19 Regional Jet CRJ-200LR,Y50,SkyWest
N8968E,7968,Canadair CL-600-2B19 Regional Jet CRJ-200LR,Y50,SkyWest
N8982A,7982,Canadair CL-600-2B19 Regional Jet CRJ-200LR,Y50,SkyWest
N903SW,7425,Canadair CL-600-2B19 Regional Jet CRJ-200LR,Y50,SkyWest
N905SW,7437,Canadair CL-600-2B19 Regional Jet CRJ-200LR,Y50,SkyWest
N906SW,7510,Canadair CL-600-2B19 Regional ,Y50,SkyWest
N907SW,7511,Canadair CL-600-2B19 Regional ,Y50,SkyWest
N908SW,7540,Canadair CL-600-2B19 Regional ,Y50,SkyWest
N909SW,7558,Canadair CL-600-2B19 Regional ,Y50,SkyWest
N910EV,7727,Canadair CL-600-2B19 Regional ,Y50,SkyWest
N910SW,7566,Canadair CL-600-2B19 Regional ,Y50,SkyWest
N912EV,7728,Canadair CL-600-2B19 Regional ,Y50,SkyWest
N912SW,7595,Canadair CL-600-2B19 Regional ,Y50,SkyWest
N913EV,7731,Canadair CL-600-2B19 Regional ,Y50,SkyWest
N913SW,7597,Canadair CL-600-2B19 Regional ,Y50,SkyWest
N915EV,7754,Canadair CL-600-2B19 Regional ,Y50,SkyWest
N915SW,7615,Canadair CL-600-2B19 Regional ,Y50,SkyWest
N916SW,7634,Canadair CL-600-2B19 Regional ,Y50,SkyWest
N917SW,7641,Canadair CL-600-2B19 Regional ,Y50,SkyWest
N918SW,7645,Canadair CL-600-2B19 Regional ,Y50,SkyWest
N919SW,7657,Canadair CL-600-2B19 Regional ,Y50,SkyWest
N920SW,7660,Canadair CL-600-2B19 Regional ,Y50,SkyWest
N923SW,7664,Canadair CL-600-2B19 Regional ,Y50,SkyWest
N924SW,7681,Canadair CL-600-2B19 Regional ,Y50,SkyWest
N925SW,7682,Canadair CL-600-2B19 Regional ,Y50,SkyWest
N926SW,7687,Canadair CL-600-2B19 Regional ,Y50,SkyWest
N927SW,7693,Canadair CL-600-2B19 Regional ,Y50,SkyWest
N928EV,8006,Canadair CL-600-2B19 Regional ,Y50,SkyWest
N928SW,7701,Canadair CL-600-2B19 Regional ,Y50,SkyWest
N929EV,8007,Canadair CL-600-2B19 Regional ,Y50,SkyWest
N929SW,7703,Canadair CL-600-2B19 Regional ,Y50,SkyWest
N930EV,8014,Canadair CL-600-2B19 Regional ,Y50,SkyWest
N930SW,7713,Canadair CL-600-2B19 Regional ,Y50,SkyWest
N932EV,8016,Canadair CL-600-2B19 Regional ,Y50,SkyWest
N932SW,7714,Canadair CL-600-2B19 Regional ,Y50,SkyWest
N934SW,7722,Canadair CL-600-2B19 Regional ,Y50,SkyWest
N935SW,7725,Canadair CL-600-2B19 Regional ,Y50,SkyWest
N936SW,7726,Canadair CL-600-2B19 Regional ,Y50,SkyWest
N937SW,7735,Canadair CL-600-2B19 Regional ,Y50,SkyWest
N938SW,7741,Canadair CL-600-2B19 Regional ,Y50,SkyWest
N939SW,7742,Canadair CL-600-2B19 Regional ,Y50,SkyWest
N941SW,7750,Canadair CL-600-2B19 Regional ,Y50,SkyWest
N943SW,7762,Canadair CL-600-2B19 Regional ,Y50,SkyWest
N944SW,7764,Canadair CL-600-2B19 Regional ,Y50,SkyWest
N945SW,7770,Canadair CL-600-2B19 Regional ,Y50,SkyWest
N946SW,7776,Canadair CL-600-2B19 Regional ,Y50,SkyWest
N947SW,7786,Canadair CL-600-2B19 Regional ,Y50,SkyWest
N948SW,7789,Canadair CL-600-2B19 Regional ,Y50,SkyWest
N951SW,7795,Canadair CL-600-2B19 Regional ,Y50,SkyWest
N952SW,7805,Canadair CL-600-2B19 Regional ,Y50,SkyWest
N953SW,7813,Canadair CL-600-2B19 Regional ,Y50,SkyWest
N954SW,7815,Canadair CL-600-2B19 Regional ,Y50,SkyWest
N955SW,7817,Canadair CL-600-2B19 Regional ,Y50,SkyWest
N956SW,7825,Canadair CL-600-2B19 Regional ,Y50,SkyWest
N957SW,7829,Canadair CL-600-2B19 Regional ,Y50,SkyWest
N958SW,7833,Canadair CL-600-2B19 Regional ,Y50,SkyWest
N959SW,7840,Canadair CL-600-2B19 Regional ,Y50,SkyWest
N960SW,7853,Canadair CL-600-2B19 Regional ,Y50,SkyWest
N961SW,7857,Canadair CL-600-2B19 Regional ,Y50,SkyWest
N962SW,7859,Canadair CL-600-2B19 Regional ,Y50,SkyWest
N963SW,7865,Canadair CL-600-2B19 Regional ,Y50,SkyWest
N964SW,7868,Canadair CL-600-2B19 Regional ,Y50,SkyWest
N965SW,7871,Canadair CL-600-2B19 Regional ,Y50,SkyWest
N967SW,7872,Canadair CL-600-2B19 Regional ,Y50,SkyWest
N969SW,7876,Canadair CL-600-2B19 Regional ,Y50,SkyWest
N970SW,7881,Canadair CL-600-2B19 Regional ,Y50,SkyWest
N971SW,7947,Canadair CL-600-2B19 Regional ,Y50,SkyWest
N973SW,7949,Canadair CL-600-2B19 Regional ,Y50,SkyWest
N975SW,7951,Canadair CL-600-2B19 Regional ,Y50,SkyWest
N976SW,7952,Canadair CL-600-2B19 Regional ,Y50,SkyWest
N978SW,7953,Canadair CL-600-2B19 Regional ,Y50,SkyWest
N979SW,7954,Canadair CL-600-2B19 Regional ,Y50,SkyWest
N980SW,7955,Canadair CL-600-2B19 Regional ,Y50,SkyWest
N982SW,7956,Canadair CL-600-2B19 Regional ,Y50,SkyWest
N983SW,7961,Canadair CL-600-2B19 Regional ,Y50,SkyWest
N986SW,7967,Canadair CL-600-2B19 Regional ,Y50,SkyWest
N701SK,10133,Canadair CL-600-2C10 Regional ,F6W32Y28,SkyWest
N702SK,10136,Canadair CL-600-2C10 Regional ,F6W32Y28,SkyWest
N705SK,10145,Canadair CL-600-2C10 Regional ,F6W32Y28,SkyWest
N706SK,10149,Canadair CL-600-2C10 Regional ,F6W32Y28,SkyWest
N707SK,10003,Canadair CL-600-2C10 Regional ,F6W32Y28,SkyWest
N708SK,10156,Canadair CL-600-2C10 Regional ,F6W32Y28,SkyWest
N709SK,10159,Canadair CL-600-2C10 Regional ,F6W32Y28,SkyWest
N710SK,10170,Canadair CL-600-2C10 Regional ,F6W32Y28,SkyWest
N712SK,10172,Canadair CL-600-2C10 Regional ,F6W32Y28,SkyWest
N713SK,10174,Canadair CL-600-2C10 Regional ,F6W32Y28,SkyWest
N715SK,10179,Canadair CL-600-2C10 Regional ,F6W32Y28,SkyWest
N716SK,10180,Canadair CL-600-2C10 Regional ,F6W32Y28,SkyWest
N718SK,10184,Canadair CL-600-2C10 Regional ,F6W32Y28,SkyWest
N719SK,10188,Canadair CL-600-2C10 Regional ,F6W32Y28,SkyWest
N724SK,10189,Canadair CL-600-2C10 Regional ,F6W32Y28,SkyWest
N726SK,10190,Canadair CL-600-2C10 Regional ,F6W32Y28,SkyWest
N727SK,10191,Canadair CL-600-2C10 Regional ,F6W32Y28,SkyWest
N728SK,10192,Canadair CL-600-2C10 Regional ,F6W32Y28,SkyWest
N730SK,10193,Canadair CL-600-2C10 Regional ,F6W32Y28,SkyWest
N732SK,10194,Canadair CL-600-2C10 Regional ,F6W32Y28,SkyWest
N738SK,10195,Canadair CL-600-2C10 Regional ,F6W32Y28,SkyWest
N740SK,10196,Canadair CL-600-2C10 Regional ,F6W32Y28,SkyWest
N742SK,10197,Canadair CL-600-2C10 Regional ,F6W32Y28,SkyWest
N743SK,10199,Canadair CL-600-2C10 Regional ,F6W32Y28,SkyWest
N744SK,10200,Canadair CL-600-2C10 Regional ,F6W32Y28,SkyWest
N745SK,10201,Canadair CL-600-2C10 Regional ,F6W32Y28,SkyWest
N746SK,10202,Canadair CL-600-2C10 Regional ,F6W32Y28,SkyWest
N748SK,10203,Canadair CL-600-2C10 Regional ,F6W32Y28,SkyWest
N750SK,10207,Canadair CL-600-2C10 Regional ,F6W32Y28,SkyWest
N751SK,10208,Canadair CL-600-2C10 Regional ,F6W32Y28,SkyWest
N752SK,10209,Canadair CL-600-2C10 Regional ,F6W32Y28,SkyWest
N753SK,10214,Canadair CL-600-2C10 Regional ,F6W32Y28,SkyWest
N754SK,10215,Canadair CL-600-2C10 Regional ,F6W32Y28,SkyWest
N755SK,10220,Canadair CL-600-2C10 Regional ,F6W32Y28,SkyWest
N756SK,10221,Canadair CL-600-2C10 Regional ,F6W32Y28,SkyWest
N758SK,10222,Canadair CL-600-2C10 Regional ,F6W32Y28,SkyWest
N760SK,10223,Canadair CL-600-2C10 Regional ,F6W32Y28,SkyWest
N762SK,10226,Canadair CL-600-2C10 Regional ,F6W32Y28,SkyWest
N763SK,10228,Canadair CL-600-2C10 Regional ,F6W32Y28,SkyWest
N764SK,10229,Canadair CL-600-2C10 Regional ,F6W32Y28,SkyWest
N765SK,10231,Canadair CL-600-2C10 Regional ,F6W32Y28,SkyWest
N766SK,10232,Canadair CL-600-2C10 Regional ,F6W32Y28,SkyWest
N767SK,10233,Canadair CL-600-2C10 Regional ,F6W32Y28,SkyWest
N768SK,10234,Canadair CL-600-2C10 Regional ,F6W32Y28,SkyWest
N770SK,10243,Canadair CL-600-2C10 Regional ,F6W32Y28,SkyWest
N771SK,10244,Canadair CL-600-2C10 Regional ,F6W32Y28,SkyWest
N772SK,10235,Canadair CL-600-2C10 Regional ,F6W32Y28,SkyWest
N773SK,10236,Canadair CL-600-2C10 Regional ,F6W32Y28,SkyWest
N774SK,10240,Canadair CL-600-2C10 Regional ,F6W32Y28,SkyWest
N776SK,10241,Canadair CL-600-2C10 Regional ,F6W32Y28,SkyWest
N778SK,10242,Canadair CL-600-2C10 Regional ,F6W32Y28,SkyWest
N780SK,10277,Canadair CL-600-2C10 Regional Jet CRJ-702ER,F6W32Y28,SkyWest
N782SK,10278,Canadair CL-600-2C10 Regional Jet CRJ-702ER,F6W32Y28,SkyWest
N783SK,10281,Canadair CL-600-2C10 Regional Jet CRJ-702ER,F6W32Y28,SkyWest
N784SK,10284,Canadair CL-600-2C10 Regional Jet CRJ-702ER,F6W32Y28,SkyWest
N785SK,10285,Canadair CL-600-2C10 Regional Jet CRJ-702ER,F6W32Y28,SkyWest
N786SK,10286,Canadair CL-600-2C10 Regional Jet CRJ-702ER,F6W32Y28,SkyWest
N787SK,10288,Canadair CL-600-2C10 Regional Jet CRJ-702ER,F6W32Y28,SkyWest
N788SK,10290,Canadair CL-600-2C10 Regional Jet CRJ-702ER,F6W32Y28,SkyWest
N789SK,10291,Canadair CL-600-2C10 Regional Jet CRJ-702ER,F6W32Y28,SkyWest
N790SK,10292,Canadair CL-600-2C10 Regional Jet CRJ-702ER,F6W32Y28,SkyWest
N791SK,10293,Canadair CL-600-2C10 Regional Jet CRJ-702ER,F6W32Y28,SkyWest
N792SK,10294,Canadair CL-600-2C10 Regional Jet CRJ-702ER,F6W32Y28,SkyWest
N793SK,10295,Canadair CL-600-2C10 Regional Jet CRJ-702ER,F6W32Y28,SkyWest
N794SK,10298,Canadair CL-600-2C10 Regional Jet CRJ-702ER,F6W32Y28,SkyWest
N795SK,10299,Canadair CL-600-2C10 Regional Jet CRJ-702ER,F6W32Y28,SkyWest
N796SK,10300,Canadair CL-600-2C10 Regional Jet CRJ-702ER,F6W32Y28,SkyWest
N797SK,10301,Canadair CL-600-2C10 Regional Jet CRJ-702ER,F6W32Y28,SkyWest
N103SY,17000390,Embraer ERJ-175LR (ERJ-170-200 LR),C12W16Y48,SkyWest
N105SY,17000395,Embraer ERJ-175LR (ERJ-170-200 LR),C12W16Y48,SkyWest
N106SY,17000399,Embraer ERJ-175LR (ERJ-170-200 LR),C12W16Y48,SkyWest
N107SY,17000400,Embraer ERJ-175LR (ERJ-170-200 LR),C12W16Y48,SkyWest
N108SY,17000401,Embraer ERJ-175LR (ERJ-170-200 LR),C12W16Y48,SkyWest
N109SY,17000404,Embraer ERJ-175LR (ERJ-170-200 LR),C12W16Y48,SkyWest
N110SY,17000405,Embraer ERJ-175LR (ERJ-170-200 LR),C12W16Y48,SkyWest
N113SY,17000407,Embraer ERJ-175LR (ERJ-170-200 LR),C12W16Y48,SkyWest
N114SY,17000410,Embraer ERJ-175LR (ERJ-170-200 LR),C12W16Y48,SkyWest
N116SY,17000411,Embraer ERJ-175LR (ERJ-170-200 LR),C12W16Y48,SkyWest
N117SY,17000416,Embraer ERJ-175LR (ERJ-170-200 LR),C12W16Y48,SkyWest
N118SY,17000420,Embraer ERJ-175LR (ERJ-170-200 LR),C12W16Y48,SkyWest
N119SY,17000421,Embraer ERJ-175LR (ERJ-170-200 LR),C12W16Y48,SkyWest
N120SY,17000425,Embraer ERJ-175LR (ERJ-170-200 LR),C12W16Y48,SkyWest
N121SY,17000430,Embraer ERJ-175LR (ERJ-170-200 LR),C12W16Y48,SkyWest
N122SY,17000431,Embraer ERJ-175LR (ERJ-170-200 LR),C12W16Y48,SkyWest
N124SY,17000439,Embraer ERJ-175LR (ERJ-170-200 LR),C12W16Y48,SkyWest
N125SY,17000440,Embraer ERJ-175LR (ERJ-170-200 LR),C12W16Y48,SkyWest
N127SY,17000441,Embraer ERJ-175LR (ERJ-170-200 LR),C12W16Y48,SkyWest
N128SY,17000445,Embraer ERJ-175LR (ERJ-170-200 LR),C12W16Y48,SkyWest
N130SY,17000449,Embraer ERJ-175LR (ERJ-170-200 LR),C12W16Y48,SkyWest
N131SY,17000450,Embraer ERJ-175LR (ERJ-170-200 LR),C12W16Y48,SkyWest
N132SY,17000451,Embraer ERJ-175LR (ERJ-170-200 LR),C12W16Y48,SkyWest
N133SY,17000452,Embraer ERJ-175LR (ERJ-170-200 LR),C12W16Y48,SkyWest
N134SY,17000458,Embraer ERJ-175LR (ERJ-170-200 LR),C12W16Y48,SkyWest
N135SY,17000460,Embraer ERJ-175LR (ERJ-170-200 LR),C12W16Y48,SkyWest
N136SY,17000462,Embraer ERJ-175LR (ERJ-170-200 LR),C12W16Y48,SkyWest
N138SY,17000466,Embraer ERJ-175LR (ERJ-170-200 LR),C12W16Y48,SkyWest
N139SY,17000468,Embraer ERJ-175LR (ERJ-170-200 LR),C12W16Y48,SkyWest
N140SY,17000470,Embraer ERJ-175LR (ERJ-170-200 LR),C12W16Y48,SkyWest
N141SY,17000472,Embraer ERJ-175LR (ERJ-170-200 LR),C12W16Y48,SkyWest
N142SY,17000475,Embraer ERJ-175LR (ERJ-170-200 LR),C12W16Y48,SkyWest
N143SY,17000476,Embraer ERJ-175LR (ERJ-170-200 LR),C12W16Y48,SkyWest
N144SY,17000482,Embraer ERJ-175LR (ERJ-170-200 LR),C12W16Y48,SkyWest
N145SY,17000484,Embraer ERJ-175LR (ERJ-170-200 LR),C12W16Y48,SkyWest
N146SY,17000491,Embraer ERJ-175LR (ERJ-170-200 LR),C12W16Y48,SkyWest
N148SY,17000492,Embraer ERJ-175LR (ERJ-170-200 LR),C12W16Y48,SkyWest
N149SY,17000495,Embraer ERJ-175LR (ERJ-170-200 LR),C12W16Y48,SkyWest
N150SY,17000499,Embraer ERJ-175LR (ERJ-170-200 LR),C12W16Y48,SkyWest
N151SY,17000503,Embraer ERJ-175LR (ERJ-170-200 LR),C12W16Y48,SkyWest
N501UA,24622,Boeing 757-222,C24Y158,United Airlines
N503UA,24624,Boeing 757-222,C24Y158,United Airlines
N504UA,24625,Boeing 757-222,C24Y158,United Airlines
N506UA,24627,Boeing 757-222,C24Y158,United Airlines
N507UA,24743,Boeing 757-222,F24Y158,United Airlines
N508UA,24744,Boeing 757-222,F12C26Y72,United Airlines
N509UA,24763,Boeing 757-222,C24W50Y108,United Airlines
N511UA,24799,Boeing 757-222,C24Y158,United Airlines
N513UA,24810,Boeing 757-222,C24Y158,United Airlines
N514UA,24839,Boeing 757-222,C24W50Y108,United Airlines
N515UA,24840,Boeing 757-222,C24Y158,United Airlines
N516UA,24860,Boeing 757-222,C24Y158,United Airlines
N517UA,24861,Boeing 757-222(WL),F12C26Y72,United Airlines
N519UA,24872,Boeing 757-222,C24Y158,United Airlines
N520UA,24890,Boeing 757-222,C24Y158,United Airlines
N521UA,24891,Boeing 757-222,C24Y158,United Airlines
N522UA,24931,Boeing 757-222,C24W50Y108,United Airlines
N523UA,24932,Boeing 757-222,F24Y158,United Airlines
N524UA,24977,Boeing 757-222,C24Y158,United Airlines
N525UA,24978,Boeing 757-222(WL),F12C26Y72,United Airlines
N526UA,24994,Boeing 757-222,C24W50Y108,United Airlines
N527UA,24995,Boeing 757-222,F24Y158,United Airlines
N528UA,25018,Boeing 757-222,C24W50Y108,United Airlines
N529UA,25019,Boeing 757-222,C24W50Y108,United Airlines
N531UA,25042,Boeing 757-222,C24Y158,United Airlines
N530UA,25043,Boeing 757-222,C24Y158,United Airlines
N532UA,25072,Boeing 757-222(WL),F12C26Y72,United Airlines
N533UA,25073,Boeing 757-222,C24Y158,United Airlines
N534UA,25129,Boeing 757-222,C24Y158,United Airlines
N535UA,25130,Boeing 757-222,C24W50Y108,United Airlines
N536UA,25156,Boeing 757-222,C24Y158,United Airlines
N537UA,25157,Boeing 757-222,C24W50Y108,United Airlines
N538UA,25222,Boeing 757-222,C24Y158,United Airlines
N539UA,25223,Boeing 757-222,C24Y158,United Airlines
N540UA,25252,Boeing 757-222,F24Y158,United Airlines
N541UA,25253,Boeing 757-222,C24Y158,United Airlines
N542UA,25276,Boeing 757-222,F24Y158,United Airlines
N553UA,25277,Boeing 757-222,C24Y158,United Airlines
N545UA,25323,Boeing 757-222,C24W50Y108,United Airlines
N547UA,25368,Boeing 757-222,C24Y158,United Airlines
N549UA,25397,Boeing 757-222(WL),C24Y158,United Airlines
N551UA,25399,Boeing 757-222,C24Y158,United Airlines
N552UA,26641,Boeing 757-222,C24Y158,United Airlines
N554UA,26644,Boeing 757-222(WL),F12C26Y72,United Airlines
N555UA,26647,Boeing 757-222(WL),F12C26Y72,United Airlines
N556UA,26650,Boeing 757-222,C24Y158,United Airlines
N557UA,26653,Boeing 757-222,F12C26Y72,United Airlines
N558UA,26654,Boeing 757-222,C24Y158,United Airlines
N559UA,26657,Boeing 757-222,C24Y158,United Airlines
N560UA,26660,Boeing 757-222,F12C26Y72,United Airlines
N561UA,26661,Boeing 757-222,C24Y158,United Airlines
N562UA,26664,Boeing 757-222,C24Y158,United Airlines
N563UA,26665,Boeing 757-222,C24W50Y108,United Airlines
N564UA,26666,Boeing 757-222,C24Y158,United Airlines
N565UA,26669,Boeing 757-222,C24Y158,United Airlines
N566UA,26670,Boeing 757-222,C24Y158,United Airlines
N567UA,26673,Boeing 757-222,C24Y158,United Airlines
N569UA,26677,Boeing 757-222,C24Y158,United Airlines
N570UA,26678,Boeing 757-222,C24Y158,United Airlines
N571UA,26681,Boeing 757-222,F24Y158,United Airlines
N572UA,26682,Boeing 757-222,C24Y158,United Airlines
N573UA,26685,Boeing 757-222,C24Y158,United Airlines
N574UA,26686,Boeing 757-222,C24Y158,United Airlines
N575UA,26689,Boeing 757-222,C24Y158,United Airlines
N576UA,26690,Boeing 757-222,C24Y158,United Airlines
N577UA,26693,Boeing 757-222,C24Y158,United Airlines
N578UA,26694,Boeing 757-222,C24Y158,United Airlines
N579UA,26697,Boeing 757-222,C24Y158,United Airlines
N580UA,26698,Boeing 757-222,F24Y158,United Airlines
N581UA,26701,Boeing 757-222,F24Y158,United Airlines
N582UA,26702,Boeing 757-222,C24Y158,United Airlines
N583UA,26705,Boeing 757-222,F24Y158,United Airlines
N584UA,26706,Boeing 757-222,F24Y158,United Airlines
N585UA,26709,Boeing 757-222,C24Y158,United Airlines
N586UA,26710,Boeing 757-222,F24Y158,United Airlines
N591UA,28142,Boeing 757-222,F24Y158,United Airlines
N592UA,28143,Boeing 757-222,F24Y158,United Airlines
N593UA,28144,Boeing 757-222,F24C44Y118,United Airlines
N594UA,28145,Boeing 757-222,C24Y158,United Airlines
N171UA,8471,Boeing 747-422,F12C52W88Y222,United Airlines
N69834,600871 / 5107,Boeing 737-924(ER)(WL),C20W42Y117,United Airlines
N11835,194,ATR 42-320,Y22,ContinentalExpress
N14445,503,ATR 42-500,Y23,ContinentalExpress
N14451,512,ATR 42-500,Y24,ContinentalExpress
N14804,69,ATR 42-320,Y25,ContinentalExpress
N14813,100,ATR 42-320,Y26,ContinentalExpress
N14815,104,ATR 42-320,Y27,ContinentalExpress
N14819,156,ATR 42-320,Y28,ContinentalExpress
N14821,160,ATR 42-320,Y29,ContinentalExpress
N14822,163,ATR 42-320,Y30,ContinentalExpress
N14825,170,ATR 42-320,Y31,ContinentalExpress
N14828,179,ATR 42-320,Y32,ContinentalExpress
N14829,181,ATR 42-320,Y33,ContinentalExpress
N14830,184,ATR 42-320,Y34,ContinentalExpress
N14832,187,ATR 42-320,Y35,ContinentalExpress
N14833,188,ATR 42-320,Y36,ContinentalExpress
N14834,193,ATR 42-320,Y37,ContinentalExpress
N15447,505,ATR 42-500,Y38,ContinentalExpress
N15816,105,ATR 42-320,Y39,ContinentalExpress
N15818,153,ATR 42-320,Y40,ContinentalExpress
N15823,165,ATR 42-320,Y41,ContinentalExpress
N15827,175,ATR 42-320,Y42,ContinentalExpress
N16450,510,ATR 42-500,Y43,ContinentalExpress
N16824,166,ATR 42-320,Y44,ContinentalExpress
N17448,506,ATR 42-500,Y45,ContinentalExpress
N17808,89,ATR 42-320,Y46,ContinentalExpress
N17810,93,ATR 42-320,Y47,ContinentalExpress
N17831,185,ATR 42-320,Y48,ContinentalExpress
N18809,90,ATR 42-320,Y49,ContinentalExpress
N18814,103,ATR 42-320,Y50,ContinentalExpress
N19446,504,ATR 42-500,Y51,ContinentalExpress
N19452,511,ATR 42-500,Y52,ContinentalExpress
N19812,99,ATR 42-320,Y53,ContinentalExpress
N21837,202,ATR 42-320,Y54,ContinentalExpress
N23802,64,ATR 42-320,Y55,ContinentalExpress
N25811,94,ATR 42-320,Y56,ContinentalExpress
N26826,172,ATR 42-320,Y57,ContinentalExpress
N27806,75,ATR 42-320,Y58,ContinentalExpress
N31807,78,ATR 42-320,Y59,ContinentalExpress
N33449,507,ATR 42-500,Y60,ContinentalExpress
N34805,73,ATR 42-320,Y61,ContinentalExpress
N34817,152,ATR 42-320,Y62,ContinentalExpress
N34820,159,ATR 42-320,Y63,ContinentalExpress
N42836,200,ATR 42-320,Y64,ContinentalExpress
N47801,60,ATR 42-320,Y65,ContinentalExpress
N76803,66,ATR 42-320,Y66,ContinentalExpress
N86842,286,ATR 42-320,Y67,ContinentalExpress
N93840,271,ATR 42-320,Y68,ContinentalExpress
N97841,280,ATR 42-320,Y69,ContinentalExpress
N99838,259,ATR 42-320,Y70,ContinentalExpress
N99839,264,ATR 42-320,Y71,ContinentalExpress
N12903,459,ATR 72-212,Y72,ContinentalExpress
N69901,379,ATR 72-212,Y73,ContinentalExpress
N69902,385,ATR 72-212,Y74,ContinentalExpress
N16501,145145,Embraer ERJ-135ER,Y34,ContinentalExpress
N16502,145166,Embraer ERJ-135ER,Y34,ContinentalExpress
N16510,145251,Embraer ERJ-135ER,Y34,ContinentalExpress
N16511,145267,Embraer ERJ-135ER,Y34,ContinentalExpress
N16520,145372,Embraer ERJ-135LR,Y37,ContinentalExpress
N16525,145403,Embraer ERJ-135LR,Y37,ContinentalExpress
N447CA,7552,Canadair CL-600-2B19 Regional ,Y50,ExpressJet Airlines
N451CA,7562,Canadair CL-600-2B19 Regional ,Y50,ExpressJet Airlines
N680BR,7679,Canadair CL-600-2B19 Regional ,Y50,ExpressJet Airlines
N681BR,7680,Canadair CL-600-2B19 Regional ,Y50,ExpressJet Airlines
N682BR,7691,Canadair CL-600-2B19 Regional ,Y50,ExpressJet Airlines
N683BR,7692,Canadair CL-600-2B19 Regional ,Y50,ExpressJet Airlines
N684BR,7708,Canadair CL-600-2B19 Regional ,Y50,ExpressJet Airlines
N820AS,7188,Canadair CL-600-2B19 Regional ,Y50,ExpressJet Airlines
N825AS,7207,Canadair CL-600-2B19 Regional ,Y50,ExpressJet Airlines
N826AS,7210,Canadair CL-600-2B19 Regional ,Y50,ExpressJet Airlines
N827AS,7212,Canadair CL-600-2B19 Regional ,Y50,ExpressJet Airlines
N828AS,7213,Canadair CL-600-2B19 Regional ,Y50,ExpressJet Airlines
N830AS,7236,Canadair CL-600-2B19 Regional ,Y50,ExpressJet Airlines
N834AS,7254,Canadair CL-600-2B19 Regional ,Y50,ExpressJet Airlines
N835AS,7258,Canadair CL-600-2B19 Regional ,Y50,ExpressJet Airlines
N836AS,7263,Canadair CL-600-2B19 Regional ,Y50,ExpressJet Airlines
N838AS,7276,Canadair CL-600-2B19 Regional ,Y50,ExpressJet Airlines
N934EV,8028,Canadair CL-600-2B19 Regional ,Y50,ExpressJet Airlines
N935EV,8037,Canadair CL-600-2B19 Regional ,Y50,ExpressJet Airlines
N970EV,7527,Canadair CL-600-2B19 Regional ,Y50,ExpressJet Airlines
N971EV,7528,Canadair CL-600-2B19 Regional ,Y50,ExpressJet Airlines
N972EV,7534,Canadair CL-600-2B19 Regional ,Y50,ExpressJet Airlines
N973EV,7575,Canadair CL-600-2B19 Regional ,Y50,ExpressJet Airlines
N975EV,7599,Canadair CL-600-2B19 Regional ,Y50,ExpressJet Airlines
N976EV,7601,Canadair CL-600-2B19 Regional ,Y50,ExpressJet Airlines
N977EV,7720,Canadair CL-600-2B19 Regional ,Y50,ExpressJet Airlines
N978EV,7723,Canadair CL-600-2B19 Regional ,Y50,ExpressJet Airlines
N317CA,10055,Canadair CL-600-2C10 Regional ,F9Y56,ExpressJet Airlines
N331CA,10061,Canadair CL-600-2C10 Regional ,F9Y56,ExpressJet Airlines
N354CA,10064,Canadair CL-600-2C10 Regional ,F9Y56,ExpressJet Airlines
N355CA,10067,Canadair CL-600-2C10 Regional ,F9Y56,ExpressJet Airlines
N376CA,10092,Canadair CL-600-2C10 Regional ,F9Y56,ExpressJet Airlines
N379CA,10102,Canadair CL-600-2C10 Regional ,F9Y56,ExpressJet Airlines
N390CA,10106,Canadair CL-600-2C10 Regional Jet CRJ-701,F9Y56,ExpressJet Airlines
N659CA,10153,Canadair CL-600-2C10 Regional ,F9Y56,ExpressJet Airlines
N12519,145366,Embraer ERJ-135LR,Y37,ExpressJet Airlines
N14505,145192,Embraer ERJ-135ER,Y34,ExpressJet Airlines
N14508,145220,Embraer ERJ-135ER,Y34,ExpressJet Airlines
N14514,145303,Embraer ERJ-135LR,Y37,ExpressJet Airlines
N14516,145323,Embraer ERJ-135LR,Y37,ExpressJet Airlines
N14522,145383,Embraer ERJ-135LR,Y37,ExpressJet Airlines
N15509,145238,Embraer ERJ-135ER,Y34,ExpressJet Airlines
N17507,145215,Embraer ERJ-135ER,Y34,ExpressJet Airlines
N17513,145292,Embraer ERJ-135LR,Y37,ExpressJet Airlines
N17521,145378,Embraer ERJ-135LR,Y37,ExpressJet Airlines
N17524,145399,Embraer ERJ-135LR,Y37,ExpressJet Airlines
N19503,145176,Embraer ERJ-135ER,Y34,ExpressJet Airlines
N24517,145332,Embraer ERJ-135LR,Y37,ExpressJet Airlines
N25504,145186,Embraer ERJ-135ER,Y34,ExpressJet Airlines
N27506,145206,Embraer ERJ-135ER,Y34,ExpressJet Airlines
N27512,145274,Embraer ERJ-135ER,Y34,ExpressJet Airlines
N27523,145389,Embraer ERJ-135LR,Y37,ExpressJet Airlines
N28518,145334,Embraer ERJ-135LR,Y37,ExpressJet Airlines
N29515,145309,Embraer ERJ-135LR,Y37,ExpressJet Airlines
N10156,145786,Embraer ERJ-145XR,Y50,ExpressJet Airlines
N11106,145650,Embraer ERJ-145XR,Y50,ExpressJet Airlines
N11113,145662,Embraer ERJ-145XR,Y50,ExpressJet Airlines
N11121,145683,Embraer ERJ-145XR,Y50,ExpressJet Airlines
N11155,145782,Embraer ERJ-145XR,Y50,ExpressJet Airlines
N12122,145684,Embraer ERJ-145XR,Y50,ExpressJet Airlines
N12145,145745,Embraer ERJ-145XR,Y50,ExpressJet Airlines
N12934,145019,Embraer ERJ-145EP,Y50,ExpressJet Airlines
N12946,145052,Embraer ERJ-145EP,Y50,ExpressJet Airlines
N12957,145080,Embraer ERJ-145LR,Y50,ExpressJet Airlines
N13123,145688,Embraer ERJ-145XR,Y50,ExpressJet Airlines
N13929,145009,Embraer ERJ-145EP,Y50,ExpressJet Airlines
N13935,145022,Embraer ERJ-145EP,Y50,ExpressJet Airlines
N13936,145025,Embraer ERJ-145EP,Y50,ExpressJet Airlines
N13949,145057,Embraer ERJ-145LR,Y50,ExpressJet Airlines
N13955,145075,Embraer ERJ-145LR,Y50,ExpressJet Airlines
N13956,145078,Embraer ERJ-145LR,Y50,ExpressJet Airlines
N13958,145085,Embraer ERJ-145LR,Y50,ExpressJet Airlines
N13968,145138,Embraer ERJ-145LR,Y50,ExpressJet Airlines
N13990,145277,Embraer ERJ-145LR,Y50,ExpressJet Airlines
N14153,145761,Embraer ERJ-145XR,Y50,ExpressJet Airlines
N14925,145004,Embraer ERJ-145EP,Y50,ExpressJet Airlines
N14930,145011,Embraer ERJ-145EP,Y50,ExpressJet Airlines
N14931,145013,Embraer ERJ-145ER,Y50,ExpressJet Airlines
N14933,145018,Embraer ERJ-145EP,Y50,ExpressJet Airlines
N14937,145026,Embraer ERJ-145EP,Y50,ExpressJet Airlines
N14938,145029,Embraer ERJ-145EP,Y50,ExpressJet Airlines
N14939,145030,Embraer ERJ-145EP,Y50,ExpressJet Airlines
N14940,145033,Embraer ERJ-145EP,Y50,ExpressJet Airlines
N14942,145037,Embraer ERJ-145EP,Y50,ExpressJet Airlines
N14943,145040,Embraer ERJ-145EP,Y50,ExpressJet Airlines
N14945,145049,Embraer ERJ-145EP,Y50,ExpressJet Airlines
N14947,145054,Embraer ERJ-145EP,Y50,ExpressJet Airlines
N14952,145067,Embraer ERJ-145LR,Y50,ExpressJet Airlines
N14953,145071,Embraer ERJ-145LR,Y50,ExpressJet Airlines
N14959,145091,Embraer ERJ-145LR,Y50,ExpressJet Airlines
N14960,145100,Embraer ERJ-145LR,Y50,ExpressJet Airlines
N15926,145005,Embraer ERJ-145EP,Y50,ExpressJet Airlines
N15932,145015,Embraer ERJ-145EP,Y50,ExpressJet Airlines
N15941,145035,Embraer ERJ-145EP,Y50,ExpressJet Airlines
N15948,145056,Embraer ERJ-145EP,Y50,ExpressJet Airlines
N15973,145159,Embraer ERJ-145LR,Y50,ExpressJet Airlines
N16112,145660,Embraer ERJ-145XR,Y50,ExpressJet Airlines
N16151,145758,Embraer ERJ-145XR,Y50,ExpressJet Airlines
N16927,145006,Embraer ERJ-145EP,Y50,ExpressJet Airlines
N16944,145045,Embraer ERJ-145EP,Y50,ExpressJet Airlines
N16951,145063,Embraer ERJ-145LR,Y50,ExpressJet Airlines
N16954,145072,Embraer ERJ-145LR,Y50,ExpressJet Airlines
N16961,145103,Embraer ERJ-145LR,Y50,ExpressJet Airlines
N16963,145116,Embraer ERJ-145LR,Y50,ExpressJet Airlines
N17928,145007,Embraer ERJ-145EP,Y50,ExpressJet Airlines
N18114,145664,Embraer ERJ-145XR,Y50,ExpressJet Airlines
N18982,145223,Embraer ERJ-145LR,Y50,ExpressJet Airlines
N19966,145131,Embraer ERJ-145LR,Y50,ExpressJet Airlines
N21130,145704,Embraer ERJ-145XR,Y50,ExpressJet Airlines
N34111,145659,Embraer ERJ-145XR,Y50,ExpressJet Airlines
N403SW,7028,Canadair CL-600-2B19 Regional ,Y50,SkyWest
N405SW,7029,Canadair CL-600-2B19 Regional ,Y50,SkyWest
N406SW,7030,Canadair CL-600-2B19 Regional ,Y50,SkyWest
N407SW,7034,Canadair CL-600-2B19 Regional ,Y50,SkyWest
N408SW,7055,Canadair CL-600-2B19 Regional ,Y50,SkyWest
N409SW,7056,Canadair CL-600-2B19 Regional ,Y50,SkyWest
N410SW,7066,Canadair CL-600-2B19 Regional ,Y50,SkyWest
N411SW,7067,Canadair CL-600-2B19 Regional ,Y50,SkyWest
N412SW,7101,Canadair CL-600-2B19 Regional ,Y50,SkyWest
N413SW,7102,Canadair CL-600-2B19 Regional ,Y50,SkyWest
N493SW,7450,Canadair CL-600-2B19 Regional ,Y50,SkyWest
N496SW,7473,Canadair CL-600-2B19 Regional ,Y50,SkyWest
N497SW,7482,Canadair CL-600-2B19 Regional ,Y50,SkyWest
N498SW,7483,Canadair CL-600-2B19 Regional ,Y50,SkyWest
N499SW,7398,Canadair CL-600-2B19 Regional ,Y50,SkyWest
N587SW,7062,Canadair CL-600-2B19 Regional ,Y50,SkyWest
N588SW,7069,Canadair CL-600-2B19 Regional ,Y50,SkyWest
N589SW,7072,Canadair CL-600-2B19 Regional ,Y50,SkyWest
N590SW,7077,Canadair CL-600-2B19 Regional ,Y50,SkyWest
N591SW,7079,Canadair CL-600-2B19 Regional ,Y50,SkyWest
N592SW,7279,Canadair CL-600-2B19 Regional ,Y50,SkyWest
N595SW,7292,Canadair CL-600-2B19 Regional ,Y50,SkyWest
N597SW,7293,Canadair CL-600-2B19 Regional ,Y50,SkyWest
N720SW,7297,Canadair CL-600-2B19 Regional ,Y50,SkyWest
C-GAUG,7161,Canadair CL-600-2B19 Regional ,Y50,SkyWest
N591ML,7388,Canadair CL-600-2B19 Regional ,Y50,SkyWest
N698BR,7799,Canadair CL-600-2B19 Regional ,Y50,SkyWest
N710BR,7852,Canadair CL-600-2B19 Regional ,Y50,SkyWest
N865AS,7507,Canadair CL-600-2B19 Regional ,Y50,SkyWest
N340CA,10062,Canadair CL-600-2C10 Regional ,Y70,SkyWest
N367CA,10069,Canadair CL-600-2C10 Regional ,Y70,SkyWest
N368CA,10075,Canadair CL-600-2C10 Regional ,Y70,SkyWest
N668CA,10162,Canadair CL-600-2C10 Regional ,Y70,SkyWest
N207SW,120266,Embraer EMB-120ER Brasilia,Y30,SkyWest
N209SW,120269,Embraer EMB-120ER Brasilia,Y30,SkyWest
N212SW,120276,Embraer EMB-120ER Brasilia,Y30,SkyWest
N213SW,120277,Embraer EMB-120ER Brasilia,Y30,SkyWest
N214SW,120280,Embraer EMB-120ER Brasilia,Y30,SkyWest
N215SW,120281,Embraer EMB-120ER Brasilia,Y30,SkyWest
N216SW,120285,Embraer EMB-120ER Brasilia,Y30,SkyWest
N217SW,120286,Embraer EMB-120ER Brasilia,Y30,SkyWest
N218SW,120287,Embraer EMB-120ER Brasilia,Y30,SkyWest
N220SW,120288,Embraer EMB-120ER Brasilia,Y30,SkyWest
N221SW,120290,Embraer EMB-120ER Brasilia,Y30,SkyWest
N223SW,120291,Embraer EMB-120ER Brasilia,Y30,SkyWest
N224SW,120294,Embraer EMB-120ER Brasilia,Y30,SkyWest
N226SW,120296,Embraer EMB-120ER Brasilia,Y30,SkyWest
N227SW,120304,Embraer EMB-120ER Brasilia,Y30,SkyWest
N229SW,120305,Embraer EMB-120ER Brasilia,Y30,SkyWest
N232SW,120306,Embraer EMB-120ER Brasilia,Y30,SkyWest
N233SW,120307,Embraer EMB-120ER Brasilia,Y30,SkyWest
N234SW,120308,Embraer EMB-120ER Brasilia,Y30,SkyWest
N235SW,120310,Embraer EMB-120ER Brasilia,Y30,SkyWest
N236SW,120312,Embraer EMB-120ER Brasilia,Y30,SkyWest
N237SW,120314,Embraer EMB-120ER Brasilia,Y30,SkyWest
N270YV,120270,Embraer EMB-120ER Brasilia,Y30,SkyWest
N271YV,120271,Embraer EMB-120ER Brasilia,Y30,SkyWest
N284YV,120284,Embraer EMB-120ER Brasilia,Y30,SkyWest
N288SW,120316,Embraer EMB-120ER Brasilia,Y30,SkyWest
N289YV,120289,Embraer EMB-120ER Brasilia,Y30,SkyWest
N290SW,120317,Embraer EMB-120ER Brasilia,Y30,SkyWest
N291SW,120318,Embraer EMB-120ER Brasilia,Y30,SkyWest
N292SW,120319,Embraer EMB-120ER Brasilia,Y30,SkyWest
N293SW,120320,Embraer EMB-120ER Brasilia,Y30,SkyWest
N294SW,120321,Embraer EMB-120ER Brasilia,Y30,SkyWest
N295SW,120322,Embraer EMB-120ER Brasilia,Y30,SkyWest
N296SW,120325,Embraer EMB-120ER Brasilia,Y30,SkyWest
N297SW,120327,Embraer EMB-120ER Brasilia,Y30,SkyWest
N298SW,120328,Embraer EMB-120ER Brasilia,Y30,SkyWest
N299SW,120329,Embraer EMB-120ER Brasilia,Y30,SkyWest
N301YV,120301,Embraer EMB-120ER Brasilia,Y30,SkyWest
N308SW,120326,Embraer EMB-120ER Brasilia,Y30,SkyWest
N393SW,120330,Embraer EMB-120ER Brasilia,Y30,SkyWest
N560SW,120334,Embraer EMB-120ER Brasilia,Y30,SkyWest
N561SW,120335,Embraer EMB-120ER Brasilia,Y30,SkyWest
N562SW,120336,Embraer EMB-120ER Brasilia,Y30,SkyWest
N563SW,120338,Embraer EMB-120ER Brasilia,Y30,SkyWest
N564SW,120339,Embraer EMB-120ER Brasilia,Y30,SkyWest
N565SW,120340,Embraer EMB-120ER Brasilia,Y30,SkyWest
N566SW,120341,Embraer EMB-120ER Brasilia,Y30,SkyWest
N567SW,120342,Embraer EMB-120ER Brasilia,Y30,SkyWest
N568SW,120343,Embraer EMB-120ER Brasilia,Y30,SkyWest
N569SW,120344,Embraer EMB-120ER Brasilia,Y30,SkyWest
N576SW,120345,Embraer EMB-120ER Brasilia,Y30,SkyWest
N578SW,120346,Embraer EMB-120ER Brasilia,Y30,SkyWest
N579SW,120347,Embraer EMB-120ER Brasilia,Y30,SkyWest
N580SW,120348,Embraer EMB-120ER Brasilia,Y30,SkyWest
N581SW,120349,Embraer EMB-120ER Brasilia,Y30,SkyWest
N582SW,120350,Embraer EMB-120ER Brasilia,Y30,SkyWest
N583SW,120351,Embraer EMB-120ER Brasilia,Y30,SkyWest
N584SW,120352,Embraer EMB-120ER Brasilia,Y30,SkyWest
N585SW,120353,Embraer EMB-120ER Brasilia,Y30,SkyWest
N586SW,120354,Embraer EMB-120ER Brasilia,Y30,SkyWest
N703SK,10139,Canadair CL-600-2C10 Regional ,F6W32Y28,SkyWest
N779SK,10139,Canadair CL-600-2C10 Regional ,F6W32Y28,SkyWest
N829AS,1,Canadair CL-600-2B19 Regional ,Y50,ExpressJet Airlines
N832AS,1,Canadair CL-600-2B19 Regional ,Y50,ExpressJet Airlines
N833AS,1,Canadair CL-600-2B19 Regional ,Y50,ExpressJet Airlines
N909EV,1,Canadair CL-600-2B19 Regional ,Y50,ExpressJet Airlines
N877AS,1,Canadair CL-600-2B19 Regional ,Y50,ExpressJet Airlines
N660CT,1,Embraer EMB-120ER Brasilia,Y30,SkyWest
N658CT,1,Embraer EMB-120ER Brasilia,Y30,SkyWest
